period,hs_code,hs_desc,country,value_usd_mn
2017-18,5205,,ALGERIA,2.57
2017-18,5205,,ARGENTINA,6.81
2017-18,5205,,AUSTRALIA,0.88
2017-18,5205,,AUSTRIA,2.75
2017-18,5205,,BAHARAIN IS,4.63
2017-18,5205,,BANGLADESH PR,663.28
2017-18,5205,,BELARUS,0.07
2017-18,5205,,BELGIUM,11.25
2017-18,5205,,BHUTAN,0.0
2017-18,5205,,BOLIVIA,0.14
2017-18,5205,,BOTSWANA,0.24
2017-18,5205,,BRAZIL,20.87
2017-18,5205,,BULGARIA,3.42
2017-18,5205,,BURUNDI,0.0
2017-18,5205,,CAMBODIA,0.48
2017-18,5205,,CAMEROON,0.12
2017-18,5205,,CANADA,2.52
2017-18,5205,,CHILE,10.6
2017-18,5205,,CHINA P RP,858.25
2017-18,5205,,COLOMBIA,60.98
2017-18,5205,,CONGO D. REP.,0.04
2017-18,5205,,CONGO P REP,0.0
2017-18,5205,,COSTA RICA,0.0
2017-18,5205,,COTE D' IVOIRE,2.16
2017-18,5205,,CROATIA,4.82
2017-18,5205,,CYPRUS,0.01
2017-18,5205,,CZECH REPUBLIC,7.75
2017-18,5205,,DENMARK,7.01
2017-18,5205,,DOMINIC REP,8.8
2017-18,5205,,ECUADOR,3.0
2017-18,5205,,EGYPT A RP,166.28
2017-18,5205,,ESTONIA,0.23
2017-18,5205,,ETHIOPIA,0.93
2017-18,5205,,FIJI IS,0.09
2017-18,5205,,FINLAND,0.17
2017-18,5205,,FRANCE,1.96
2017-18,5205,,GEORGIA,0.06
2017-18,5205,,GERMANY,60.24
2017-18,5205,,GHANA,0.13
2017-18,5205,,GREECE,4.07
2017-18,5205,,GUATEMALA,18.77
2017-18,5205,,HONDURAS,3.43
2017-18,5205,,HONG KONG,41.49
2017-18,5205,,HUNGARY,0.21
2017-18,5205,,INDONESIA,21.3
2017-18,5205,,IRAN,15.77
2017-18,5205,,IRELAND,0.03
2017-18,5205,,ISRAEL,5.27
2017-18,5205,,ITALY,54.21
2017-18,5205,,JAPAN,43.15
2017-18,5205,,JORDAN,4.86
2017-18,5205,,KENYA,1.1
2017-18,5205,,KOREA DP RP,3.71
2017-18,5205,,KOREA RP,110.25
2017-18,5205,,KUWAIT,0.02
2017-18,5205,,LATVIA,0.41
2017-18,5205,,LEBANON,1.29
2017-18,5205,,LITHUANIA,2.06
2017-18,5205,,MACEDONIA,0.9
2017-18,5205,,MADAGASCAR,8.98
2017-18,5205,,MALAWI,0.18
2017-18,5205,,MALAYSIA,16.94
2017-18,5205,,MALTA,0.06
2017-18,5205,,MAURITANIA,0.28
2017-18,5205,,MAURITIUS,36.92
2017-18,5205,,MEXICO,2.68
2017-18,5205,,MONGOLIA,0.05
2017-18,5205,,MONTENEGRO,2.16
2017-18,5205,,MOROCCO,25.53
2017-18,5205,,MYANMAR,42.89
2017-18,5205,,NEPAL,13.18
2017-18,5205,,NETHERLAND,3.27
2017-18,5205,,NEW ZEALAND,0.05
2017-18,5205,,NIGERIA,0.12
2017-18,5205,,NORWAY,0.1
2017-18,5205,,OMAN,0.0
2017-18,5205,,PAKISTAN IR,255.29
2017-18,5205,,PANAMA REPUBLIC,0.07
2017-18,5205,,PARAGUAY,2.31
2017-18,5205,,PERU,123.48
2017-18,5205,,PHILIPPINES,20.6
2017-18,5205,,POLAND,30.04
2017-18,5205,,PORTUGAL,156.58
2017-18,5205,,PUERTO RICO,0.14
2017-18,5205,,QATAR,0.04
2017-18,5205,,ROMANIA,0.21
2017-18,5205,,RUSSIA,0.9
2017-18,5205,,SAUDI ARAB,0.09
2017-18,5205,,SERBIA,0.94
2017-18,5205,,SIERRA LEONE,0.0
2017-18,5205,,SINGAPORE,0.81
2017-18,5205,,SLOVAK REP,0.13
2017-18,5205,,SLOVENIA,2.21
2017-18,5205,,SOUTH AFRICA,4.46
2017-18,5205,,SPAIN,22.16
2017-18,5205,,SRI LANKA DSR,69.85
2017-18,5205,,SUDAN,0.3
2017-18,5205,,SWEDEN,0.03
2017-18,5205,,SWITZERLAND,0.0
2017-18,5205,,SYRIA,8.78
2017-18,5205,,TAIWAN,21.47
2017-18,5205,,TANZANIA REP,0.0
2017-18,5205,,THAILAND,32.48
2017-18,5205,,TRINIDAD,0.0
2017-18,5205,,TUNISIA,16.46
2017-18,5205,,TURKEY,89.39
2017-18,5205,,U ARAB EMTS,6.35
2017-18,5205,,U K,2.13
2017-18,5205,,U S A,14.77
2017-18,5205,,UGANDA,0.02
2017-18,5205,,UKRAINE,6.37
2017-18,5205,,URUGUAY,0.08
2017-18,5205,,VENEZUELA,0.27
2017-18,5205,,VIETNAM SOC REP,78.69
2017-18,5205,,YEMEN REPUBLC,0.01
2017-18,5205,,ZAMBIA,0.1
2018-19,5205,,ALGERIA,7.02
2018-19,5205,,ARGENTINA,2.27
2018-19,5205,,AUSTRALIA,0.79
2018-19,5205,,AUSTRIA,2.2
2018-19,5205,,BAHARAIN IS,1.45
2018-19,5205,,BANGLADESH PR,708.66
2018-19,5205,,BELARUS,0.07
2018-19,5205,,BELGIUM,10.11
2018-19,5205,,BHUTAN,0.0
2018-19,5205,,BOLIVIA,0.14
2018-19,5205,,BOSNIA-HRZGOVIN,0.0
2018-19,5205,,BOTSWANA,0.02
2018-19,5205,,BRAZIL,8.34
2018-19,5205,,BRUNEI,0.0
2018-19,5205,,BULGARIA,5.37
2018-19,5205,,CAMBODIA,1.16
2018-19,5205,,CANADA,1.96
2018-19,5205,,CHILE,9.03
2018-19,5205,,CHINA P RP,1270.1
2018-19,5205,,COLOMBIA,68.73
2018-19,5205,,CONGO D. REP.,0.08
2018-19,5205,,COSTA RICA,0.03
2018-19,5205,,COTE D' IVOIRE,2.19
2018-19,5205,,CROATIA,3.29
2018-19,5205,,CUBA,0.06
2018-19,5205,,CYPRUS,0.11
2018-19,5205,,CZECH REPUBLIC,6.42
2018-19,5205,,DENMARK,4.17
2018-19,5205,,DOMINIC REP,9.75
2018-19,5205,,ECUADOR,3.94
2018-19,5205,,EGYPT A RP,176.39
2018-19,5205,,EL SALVADOR,0.11
2018-19,5205,,ESTONIA,0.28
2018-19,5205,,ETHIOPIA,1.5
2018-19,5205,,FIJI IS,0.03
2018-19,5205,,FINLAND,0.1
2018-19,5205,,FRANCE,1.66
2018-19,5205,,GERMANY,57.69
2018-19,5205,,GHANA,0.46
2018-19,5205,,GREECE,4.6
2018-19,5205,,GUATEMALA,27.15
2018-19,5205,,HONDURAS,1.05
2018-19,5205,,HONG KONG,28.6
2018-19,5205,,HUNGARY,0.12
2018-19,5205,,INDONESIA,29.04
2018-19,5205,,IRAN,7.95
2018-19,5205,,IRAQ,0.06
2018-19,5205,,IRELAND,0.15
2018-19,5205,,ISRAEL,7.26
2018-19,5205,,ITALY,53.82
2018-19,5205,,JAPAN,48.74
2018-19,5205,,JORDAN,4.02
2018-19,5205,,KENYA,2.0
2018-19,5205,,KOREA DP RP,1.22
2018-19,5205,,KOREA RP,135.27
2018-19,5205,,KUWAIT,0.05
2018-19,5205,,KYRGHYZSTAN,0.0
2018-19,5205,,LATVIA,0.27
2018-19,5205,,LEBANON,1.2
2018-19,5205,,LITHUANIA,1.18
2018-19,5205,,MACEDONIA,0.78
2018-19,5205,,MADAGASCAR,9.31
2018-19,5205,,MALAWI,0.11
2018-19,5205,,MALAYSIA,32.43
2018-19,5205,,MALDIVES,0.0
2018-19,5205,,MAURITANIA,0.07
2018-19,5205,,MAURITIUS,35.35
2018-19,5205,,MEXICO,3.24
2018-19,5205,,MONTENEGRO,1.85
2018-19,5205,,MOROCCO,24.69
2018-19,5205,,MYANMAR,42.6
2018-19,5205,,NEPAL,12.67
2018-19,5205,,NETHERLAND,1.89
2018-19,5205,,NETHERLANDANTIL,0.1
2018-19,5205,,NEW ZEALAND,0.02
2018-19,5205,,NICARAGUA,0.18
2018-19,5205,,NIGER,0.0
2018-19,5205,,NIGERIA,0.42
2018-19,5205,,NORWAY,0.1
2018-19,5205,,OMAN,0.0
2018-19,5205,,PAKISTAN IR,199.39
2018-19,5205,,PANAMA REPUBLIC,0.05
2018-19,5205,,PARAGUAY,1.89
2018-19,5205,,PERU,120.33
2018-19,5205,,PHILIPPINES,25.78
2018-19,5205,,POLAND,27.28
2018-19,5205,,PORTUGAL,131.98
2018-19,5205,,QATAR,0.03
2018-19,5205,,REUNION,0.0
2018-19,5205,,ROMANIA,0.14
2018-19,5205,,RUSSIA,2.1
2018-19,5205,,RWANDA,0.0
2018-19,5205,,SAUDI ARAB,0.15
2018-19,5205,,SERBIA,0.39
2018-19,5205,,SINGAPORE,0.73
2018-19,5205,,SLOVENIA,2.4
2018-19,5205,,SOUTH AFRICA,5.25
2018-19,5205,,SPAIN,16.67
2018-19,5205,,SRI LANKA DSR,69.89
2018-19,5205,,SUDAN,0.82
2018-19,5205,,SWAZILAND,0.04
2018-19,5205,,SWEDEN,0.09
2018-19,5205,,SWITZERLAND,0.02
2018-19,5205,,SYRIA,10.05
2018-19,5205,,TAIWAN,22.25
2018-19,5205,,TANZANIA REP,1.17
2018-19,5205,,THAILAND,49.01
2018-19,5205,,TOGO,0.08
2018-19,5205,,TRINIDAD,0.0
2018-19,5205,,TUNISIA,16.16
2018-19,5205,,TURKEY,54.09
2018-19,5205,,U ARAB EMTS,2.35
2018-19,5205,,U K,1.84
2018-19,5205,,U S A,18.9
2018-19,5205,,UGANDA,0.03
2018-19,5205,,UKRAINE,5.56
2018-19,5205,,URUGUAY,0.02
2018-19,5205,,VENEZUELA,0.06
2018-19,5205,,VIETNAM SOC REP,133.5
2018-19,5205,,ZAMBIA,0.09
2019-20,5205,,ALGERIA,1.5
2019-20,5205,,ARGENTINA,5.28
2019-20,5205,,AUSTRALIA,0.68
2019-20,5205,,AUSTRIA,2.42
2019-20,5205,,BAHARAIN IS,0.41
2019-20,5205,,BANGLADESH PR,576.22
2019-20,5205,,BELARUS,0.0
2019-20,5205,,BELGIUM,6.45
2019-20,5205,,BHUTAN,0.01
2019-20,5205,,BOLIVIA,0.05
2019-20,5205,,BRAZIL,8.83
2019-20,5205,,BULGARIA,1.75
2019-20,5205,,BURKINA FASO,0.08
2019-20,5205,,CAMBODIA,0.35
2019-20,5205,,CANADA,2.47
2019-20,5205,,CHILE,7.49
2019-20,5205,,CHINA P RP,585.01
2019-20,5205,,COLOMBIA,55.93
2019-20,5205,,CONGO D. REP.,0.03
2019-20,5205,,COSTA RICA,0.02
2019-20,5205,,COTE D' IVOIRE,2.24
2019-20,5205,,CROATIA,3.5
2019-20,5205,,CYPRUS,0.11
2019-20,5205,,CZECH REPUBLIC,4.8
2019-20,5205,,DENMARK,4.3
2019-20,5205,,DJIBOUTI,0.15
2019-20,5205,,DOMINIC REP,9.14
2019-20,5205,,DOMINICA,0.07
2019-20,5205,,ECUADOR,2.85
2019-20,5205,,EGYPT A RP,174.34
2019-20,5205,,EL SALVADOR,0.2
2019-20,5205,,ESTONIA,0.2
2019-20,5205,,ETHIOPIA,0.25
2019-20,5205,,FIJI IS,0.02
2019-20,5205,,FINLAND,0.02
2019-20,5205,,FRANCE,1.48
2019-20,5205,,GEORGIA,0.06
2019-20,5205,,GERMANY,54.09
2019-20,5205,,GHANA,0.14
2019-20,5205,,GREECE,4.85
2019-20,5205,,GUATEMALA,19.99
2019-20,5205,,GUINEA,0.0
2019-20,5205,,GUYANA,0.0
2019-20,5205,,HONDURAS,0.91
2019-20,5205,,HONG KONG,11.4
2019-20,5205,,HUNGARY,0.09
2019-20,5205,,INDONESIA,23.82
2019-20,5205,,IRAN,34.38
2019-20,5205,,IRAQ,0.09
2019-20,5205,,IRELAND,0.41
2019-20,5205,,ISRAEL,8.97
2019-20,5205,,ITALY,40.6
2019-20,5205,,JAPAN,40.06
2019-20,5205,,JORDAN,4.84
2019-20,5205,,KAZAKHSTAN,0.0
2019-20,5205,,KENYA,1.99
2019-20,5205,,KOREA RP,94.27
2019-20,5205,,KUWAIT,0.0
2019-20,5205,,LATVIA,0.43
2019-20,5205,,LEBANON,0.58
2019-20,5205,,LIBYA,0.0
2019-20,5205,,LITHUANIA,0.84
2019-20,5205,,MACEDONIA,0.11
2019-20,5205,,MADAGASCAR,6.31
2019-20,5205,,MALAYSIA,29.49
2019-20,5205,,MALDIVES,0.0
2019-20,5205,,MAURITANIA,0.0
2019-20,5205,,MAURITIUS,30.22
2019-20,5205,,MEXICO,3.82
2019-20,5205,,MONTENEGRO,2.32
2019-20,5205,,MOROCCO,25.49
2019-20,5205,,MOZAMBIQUE,0.0
2019-20,5205,,MYANMAR,43.8
2019-20,5205,,NEPAL,12.86
2019-20,5205,,NETHERLAND,1.84
2019-20,5205,,NEW ZEALAND,0.01
2019-20,5205,,NIGERIA,0.05
2019-20,5205,,NORWAY,0.06
2019-20,5205,,OMAN,12.9
2019-20,5205,,PAKISTAN IR,50.03
2019-20,5205,,PANAMA REPUBLIC,0.05
2019-20,5205,,PARAGUAY,0.64
2019-20,5205,,PERU,127.17
2019-20,5205,,PHILIPPINES,20.48
2019-20,5205,,POLAND,22.58
2019-20,5205,,PORTUGAL,147.16
2019-20,5205,,QATAR,0.02
2019-20,5205,,REUNION,0.0
2019-20,5205,,ROMANIA,0.25
2019-20,5205,,RUSSIA,2.29
2019-20,5205,,SAUDI ARAB,0.19
2019-20,5205,,SENEGAL,0.0
2019-20,5205,,SERBIA,0.23
2019-20,5205,,SEYCHELLES,0.0
2019-20,5205,,SINGAPORE,0.22
2019-20,5205,,SLOVENIA,1.95
2019-20,5205,,SOUTH AFRICA,5.73
2019-20,5205,,SPAIN,11.12
2019-20,5205,,SRI LANKA DSR,69.47
2019-20,5205,,SUDAN,0.86
2019-20,5205,,SWAZILAND,0.01
2019-20,5205,,SWEDEN,0.02
2019-20,5205,,SWITZERLAND,0.01
2019-20,5205,,SYRIA,8.75
2019-20,5205,,TAIWAN,18.89
2019-20,5205,,TANZANIA REP,0.48
2019-20,5205,,THAILAND,38.91
2019-20,5205,,TOGO,0.52
2019-20,5205,,TUNISIA,11.81
2019-20,5205,,TURKEY,56.4
2019-20,5205,,U ARAB EMTS,2.4
2019-20,5205,,U K,1.72
2019-20,5205,,U S A,13.66
2019-20,5205,,UGANDA,0.01
2019-20,5205,,UKRAINE,1.94
2019-20,5205,,URUGUAY,0.02
2019-20,5205,,VENEZUELA,0.05
2019-20,5205,,VIETNAM SOC REP,113.12
2019-20,5205,,YEMEN REPUBLC,0.06
2019-20,5205,,ZAMBIA,0.01
2020-21,5205,,AFGHANISTAN,0.01
2020-21,5205,,ALGERIA,0.42
2020-21,5205,,ARGENTINA,6.13
2020-21,5205,,AUSTRALIA,1.18
2020-21,5205,,AUSTRIA,2.15
2020-21,5205,,BAHARAIN IS,0.54
2020-21,5205,,BANGLADESH PR,649.24
2020-21,5205,,BELARUS,0.06
2020-21,5205,,BELGIUM,4.63
2020-21,5205,,BENIN,0.0
2020-21,5205,,BHUTAN,0.02
2020-21,5205,,BOLIVIA,0.04
2020-21,5205,,BOSNIA-HRZGOVIN,0.03
2020-21,5205,,BRAZIL,30.66
2020-21,5205,,BULGARIA,3.13
2020-21,5205,,BURKINA FASO,0.92
2020-21,5205,,CAMBODIA,0.68
2020-21,5205,,CANADA,2.37
2020-21,5205,,CHILE,12.09
2020-21,5205,,CHINA P RP,666.55
2020-21,5205,,COLOMBIA,62.26
2020-21,5205,,CONGO D. REP.,0.0
2020-21,5205,,COSTA RICA,0.02
2020-21,5205,,COTE D' IVOIRE,1.46
2020-21,5205,,CROATIA,0.96
2020-21,5205,,CYPRUS,0.02
2020-21,5205,,CZECH REPUBLIC,3.05
2020-21,5205,,DENMARK,6.31
2020-21,5205,,DJIBOUTI,0.02
2020-21,5205,,DOMINIC REP,5.13
2020-21,5205,,ECUADOR,2.22
2020-21,5205,,EGYPT A RP,119.11
2020-21,5205,,EL SALVADOR,0.21
2020-21,5205,,ESTONIA,0.06
2020-21,5205,,ETHIOPIA,0.55
2020-21,5205,,FIJI IS,0.0
2020-21,5205,,FINLAND,0.02
2020-21,5205,,FRANCE,1.08
2020-21,5205,,GERMANY,44.0
2020-21,5205,,GHANA,0.02
2020-21,5205,,GREECE,4.51
2020-21,5205,,GUATEMALA,20.81
2020-21,5205,,HONDURAS,1.01
2020-21,5205,,HONG KONG,12.55
2020-21,5205,,HUNGARY,0.17
2020-21,5205,,INDONESIA,17.9
2020-21,5205,,IRAN,8.65
2020-21,5205,,IRELAND,0.14
2020-21,5205,,ISRAEL,8.35
2020-21,5205,,ITALY,27.43
2020-21,5205,,JAPAN,30.22
2020-21,5205,,JORDAN,0.06
2020-21,5205,,KENYA,3.34
2020-21,5205,,KOREA DP RP,0.03
2020-21,5205,,KOREA RP,95.04
2020-21,5205,,KUWAIT,0.0
2020-21,5205,,LATVIA,0.99
2020-21,5205,,LEBANON,0.23
2020-21,5205,,LITHUANIA,1.25
2020-21,5205,,MADAGASCAR,4.23
2020-21,5205,,MALAYSIA,27.96
2020-21,5205,,MALDIVES,0.0
2020-21,5205,,MAURITANIA,0.08
2020-21,5205,,MAURITIUS,30.7
2020-21,5205,,MEXICO,2.65
2020-21,5205,,MONTENEGRO,1.67
2020-21,5205,,MOROCCO,16.89
2020-21,5205,,MOZAMBIQUE,0.0
2020-21,5205,,MYANMAR,32.6
2020-21,5205,,NEPAL,11.16
2020-21,5205,,NETHERLAND,2.14
2020-21,5205,,NEW ZEALAND,0.04
2020-21,5205,,NIGERIA,0.01
2020-21,5205,,NORWAY,0.06
2020-21,5205,,OMAN,25.08
2020-21,5205,,PARAGUAY,1.47
2020-21,5205,,PERU,140.49
2020-21,5205,,PHILIPPINES,8.34
2020-21,5205,,POLAND,23.22
2020-21,5205,,PORTUGAL,121.18
2020-21,5205,,QATAR,0.04
2020-21,5205,,REUNION,0.0
2020-21,5205,,ROMANIA,4.09
2020-21,5205,,RUSSIA,0.24
2020-21,5205,,RWANDA,0.0
2020-21,5205,,SAUDI ARAB,0.38
2020-21,5205,,SERBIA,0.38
2020-21,5205,,SEYCHELLES,0.0
2020-21,5205,,SINGAPORE,0.38
2020-21,5205,,SLOVENIA,1.26
2020-21,5205,,SOUTH AFRICA,5.29
2020-21,5205,,SPAIN,6.6
2020-21,5205,,SRI LANKA DSR,68.31
2020-21,5205,,SUDAN,1.01
2020-21,5205,,SWAZILAND,0.0
2020-21,5205,,SWEDEN,0.08
2020-21,5205,,SYRIA,9.75
2020-21,5205,,TAIWAN,19.62
2020-21,5205,,TANZANIA REP,0.99
2020-21,5205,,THAILAND,25.65
2020-21,5205,,TUNISIA,13.49
2020-21,5205,,TURKEY,58.0
2020-21,5205,,U ARAB EMTS,3.6
2020-21,5205,,U K,0.71
2020-21,5205,,U S A,19.5
2020-21,5205,,UGANDA,0.0
2020-21,5205,,UKRAINE,0.8
2020-21,5205,,URUGUAY,0.03
2020-21,5205,,VENEZUELA,0.22
2020-21,5205,,VIETNAM SOC REP,158.16
2020-21,5205,,ZAMBIA,0.04
2021-22,5205,,ALGERIA,0.33
2021-22,5205,,ANGOLA,0.0
2021-22,5205,,ARGENTINA,7.0
2021-22,5205,,AUSTRALIA,1.86
2021-22,5205,,AUSTRIA,1.86
2021-22,5205,,BAHARAIN IS,0.72
2021-22,5205,,BANGLADESH PR,2170.76
2021-22,5205,,BELGIUM,12.1
2021-22,5205,,BENIN,0.0
2021-22,5205,,BHUTAN,0.01
2021-22,5205,,BOSNIA-HRZGOVIN,0.06
2021-22,5205,,BRAZIL,18.08
2021-22,5205,,BRUNEI,0.0
2021-22,5205,,BULGARIA,3.94
2021-22,5205,,BURKINA FASO,0.18
2021-22,5205,,CAMBODIA,2.18
2021-22,5205,,CANADA,5.19
2021-22,5205,,CHILE,12.81
2021-22,5205,,CHINA P RP,776.04
2021-22,5205,,COLOMBIA,89.92
2021-22,5205,,CONGO D. REP.,0.03
2021-22,5205,,COSTA RICA,0.13
2021-22,5205,,COTE D' IVOIRE,2.29
2021-22,5205,,CROATIA,2.92
2021-22,5205,,CUBA,0.3
2021-22,5205,,CYPRUS,0.02
2021-22,5205,,CZECH REPUBLIC,3.27
2021-22,5205,,DENMARK,4.37
2021-22,5205,,DJIBOUTI,1.69
2021-22,5205,,DOMINIC REP,14.0
2021-22,5205,,DOMINICA,0.0
2021-22,5205,,ECUADOR,5.02
2021-22,5205,,EGYPT A RP,223.24
2021-22,5205,,EL SALVADOR,0.73
2021-22,5205,,ESTONIA,0.04
2021-22,5205,,ETHIOPIA,2.6
2021-22,5205,,FIJI IS,0.01
2021-22,5205,,FINLAND,1.28
2021-22,5205,,FRANCE,1.45
2021-22,5205,,GAMBIA,0.01
2021-22,5205,,GEORGIA,0.02
2021-22,5205,,GERMANY,66.23
2021-22,5205,,GHANA,0.01
2021-22,5205,,GREECE,4.78
2021-22,5205,,GUATEMALA,74.82
2021-22,5205,,GUYANA,0.0
2021-22,5205,,HONDURAS,22.49
2021-22,5205,,HONG KONG,4.93
2021-22,5205,,HUNGARY,0.0
2021-22,5205,,INDONESIA,20.58
2021-22,5205,,IRAN,1.42
2021-22,5205,,IRELAND,0.31
2021-22,5205,,ISRAEL,16.5
2021-22,5205,,ITALY,67.56
2021-22,5205,,JAPAN,51.6
2021-22,5205,,JORDAN,8.71
2021-22,5205,,KAZAKHSTAN,0.0
2021-22,5205,,KENYA,10.34
2021-22,5205,,KOREA RP,145.31
2021-22,5205,,KUWAIT,0.0
2021-22,5205,,LATVIA,1.38
2021-22,5205,,LEBANON,2.97
2021-22,5205,,LITHUANIA,0.85
2021-22,5205,,MACEDONIA,0.17
2021-22,5205,,MADAGASCAR,9.65
2021-22,5205,,MALAYSIA,29.69
2021-22,5205,,MALDIVES,0.0
2021-22,5205,,MAURITIUS,41.47
2021-22,5205,,MEXICO,4.01
2021-22,5205,,MONTENEGRO,1.86
2021-22,5205,,MOROCCO,34.03
2021-22,5205,,MYANMAR,42.51
2021-22,5205,,NEPAL,19.49
2021-22,5205,,NETHERLAND,4.97
2021-22,5205,,NEW ZEALAND,0.26
2021-22,5205,,NICARAGUA,0.2
2021-22,5205,,NIGERIA,0.15
2021-22,5205,,NORWAY,0.32
2021-22,5205,,OMAN,5.49
2021-22,5205,,PANAMA REPUBLIC,0.01
2021-22,5205,,PARAGUAY,1.22
2021-22,5205,,PERU,191.94
2021-22,5205,,PHILIPPINES,23.57
2021-22,5205,,POLAND,21.47
2021-22,5205,,PORTUGAL,246.17
2021-22,5205,,PUERTO RICO,0.06
2021-22,5205,,QATAR,0.02
2021-22,5205,,REUNION,0.0
2021-22,5205,,ROMANIA,11.21
2021-22,5205,,RUSSIA,3.48
2021-22,5205,,SAUDI ARAB,0.66
2021-22,5205,,SERBIA,0.59
2021-22,5205,,SEYCHELLES,0.26
2021-22,5205,,SINGAPORE,0.0
2021-22,5205,,SLOVENIA,2.25
2021-22,5205,,SOUTH AFRICA,6.34
2021-22,5205,,SPAIN,16.7
2021-22,5205,,SRI LANKA DSR,96.52
2021-22,5205,,SUDAN,0.42
2021-22,5205,,SWEDEN,0.15
2021-22,5205,,SWITZERLAND,0.06
2021-22,5205,,SYRIA,9.46
2021-22,5205,,TAIWAN,25.79
2021-22,5205,,TANZANIA REP,0.33
2021-22,5205,,THAILAND,32.93
2021-22,5205,,TOGO,0.16
2021-22,5205,,TRINIDAD,0.01
2021-22,5205,,TUNISIA,20.33
2021-22,5205,,TURKEY,192.3
2021-22,5205,,U ARAB EMTS,15.71
2021-22,5205,,U K,1.77
2021-22,5205,,U S A,37.16
2021-22,5205,,UKRAINE,2.07
2021-22,5205,,URUGUAY,0.01
2021-22,5205,,VENEZUELA,0.12
2021-22,5205,,VIETNAM SOC REP,186.39
2021-22,5205,,YEMEN REPUBLC,0.0
2022-23,5205,,ALGERIA,0.91
2022-23,5205,,ARGENTINA,2.93
2022-23,5205,,AUSTRALIA,1.21
2022-23,5205,,AUSTRIA,0.39
2022-23,5205,,AZERBAIJAN,0.0
2022-23,5205,,BANGLADESH PR,971.68
2022-23,5205,,BELGIUM,8.79
2022-23,5205,,BELIZE,0.0
2022-23,5205,,BHUTAN,0.01
2022-23,5205,,BOTSWANA,0.05
2022-23,5205,,BRAZIL,15.96
2022-23,5205,,BULGARIA,2.37
2022-23,5205,,BURKINA FASO,0.04
2022-23,5205,,CAMBODIA,0.3
2022-23,5205,,CANADA,3.13
2022-23,5205,,CHILE,5.58
2022-23,5205,,CHINA P RP,204.53
2022-23,5205,,COLOMBIA,45.64
2022-23,5205,,CONGO D. REP.,0.0
2022-23,5205,,COSTA RICA,0.03
2022-23,5205,,COTE D' IVOIRE,1.76
2022-23,5205,,CROATIA,1.78
2022-23,5205,,CUBA,0.11
2022-23,5205,,CZECH REPUBLIC,5.16
2022-23,5205,,DENMARK,5.22
2022-23,5205,,DJIBOUTI,1.59
2022-23,5205,,DOMINIC REP,7.46
2022-23,5205,,ECUADOR,2.95
2022-23,5205,,EGYPT A RP,154.16
2022-23,5205,,EL SALVADOR,0.0
2022-23,5205,,ETHIOPIA,0.99
2022-23,5205,,FIJI IS,0.02
2022-23,5205,,FINLAND,0.0
2022-23,5205,,FRANCE,1.32
2022-23,5205,,GEORGIA,0.05
2022-23,5205,,GERMANY,56.43
2022-23,5205,,GHANA,0.01
2022-23,5205,,GREECE,4.95
2022-23,5205,,GUATEMALA,24.49
2022-23,5205,,GUINEA,0.06
2022-23,5205,,GUYANA,0.0
2022-23,5205,,HONDURAS,9.06
2022-23,5205,,HONG KONG,0.67
2022-23,5205,,HUNGARY,0.03
2022-23,5205,,INDONESIA,15.5
2022-23,5205,,IRELAND,0.12
2022-23,5205,,ISRAEL,11.9
2022-23,5205,,ITALY,75.76
2022-23,5205,,JAPAN,51.31
2022-23,5205,,JORDAN,13.2
2022-23,5205,,KENYA,9.6
2022-23,5205,,KOREA RP,80.22
2022-23,5205,,KUWAIT,0.0
2022-23,5205,,LATVIA,1.02
2022-23,5205,,LEBANON,2.67
2022-23,5205,,LITHUANIA,0.9
2022-23,5205,,MACAO,0.42
2022-23,5205,,MACEDONIA,0.14
2022-23,5205,,MADAGASCAR,10.82
2022-23,5205,,MALAYSIA,8.63
2022-23,5205,,MALDIVES,0.0
2022-23,5205,,MAURITIUS,35.5
2022-23,5205,,MEXICO,2.55
2022-23,5205,,MONTENEGRO,1.14
2022-23,5205,,MOROCCO,27.77
2022-23,5205,,MYANMAR,35.99
2022-23,5205,,NEPAL,18.55
2022-23,5205,,NETHERLAND,3.6
2022-23,5205,,NEW ZEALAND,0.1
2022-23,5205,,NIGERIA,0.2
2022-23,5205,,NORWAY,0.24
2022-23,5205,,OMAN,0.0
2022-23,5205,,PAKISTAN IR,0.0
2022-23,5205,,PANAMA REPUBLIC,0.15
2022-23,5205,,PARAGUAY,1.23
2022-23,5205,,PERU,101.18
2022-23,5205,,PHILIPPINES,20.64
2022-23,5205,,POLAND,9.89
2022-23,5205,,PORTUGAL,113.35
2022-23,5205,,QATAR,0.0
2022-23,5205,,REUNION,0.0
2022-23,5205,,ROMANIA,15.29
2022-23,5205,,RUSSIA,0.22
2022-23,5205,,SAUDI ARAB,0.84
2022-23,5205,,SINGAPORE,0.45
2022-23,5205,,SLOVENIA,1.8
2022-23,5205,,SOUTH AFRICA,5.25
2022-23,5205,,SPAIN,10.95
2022-23,5205,,SRI LANKA DSR,84.29
2022-23,5205,,SUDAN,0.37
2022-23,5205,,SWEDEN,0.0
2022-23,5205,,SWITZERLAND,0.0
2022-23,5205,,SYRIA,1.46
2022-23,5205,,TAIWAN,15.41
2022-23,5205,,TANZANIA REP,0.43
2022-23,5205,,THAILAND,20.36
2022-23,5205,,TOGO,0.1
2022-23,5205,,TRINIDAD,0.0
2022-23,5205,,TUNISIA,17.98
2022-23,5205,,TURKEY,85.07
2022-23,5205,,U ARAB EMTS,7.81
2022-23,5205,,U K,1.18
2022-23,5205,,U S A,13.87
2022-23,5205,,UGANDA,0.41
2022-23,5205,,UKRAINE,0.01
2022-23,5205,,URUGUAY,0.04
2022-23,5205,,VENEZUELA,0.14
2022-23,5205,,VIETNAM SOC REP,79.91
2022-23,5205,,YEMEN REPUBLC,0.16
2022-23,5205,,ZAMBIA,0.01
2023-24,5205,,ALGERIA,1.3
2023-24,5205,,ARGENTINA,4.15
2023-24,5205,,AUSTRALIA,0.89
2023-24,5205,,AUSTRIA,1.09
2023-24,5205,,AZERBAIJAN,0.0
2023-24,5205,,BAHARAIN IS,1.0
2023-24,5205,,BANGLADESH PR,1307.55
2023-24,5205,,BELGIUM,6.83
2023-24,5205,,BENIN,0.0
2023-24,5205,,BHUTAN,0.0
2023-24,5205,,BRAZIL,23.43
2023-24,5205,,BRUNEI,0.0
2023-24,5205,,BULGARIA,1.34
2023-24,5205,,CAMBODIA,0.4
2023-24,5205,,CANADA,2.24
2023-24,5205,,CHILE,6.28
2023-24,5205,,CHINA P RP,694.17
2023-24,5205,,COLOMBIA,68.7
2023-24,5205,,CONGO D. REP.,0.0
2023-24,5205,,COSTA RICA,0.24
2023-24,5205,,COTE D' IVOIRE,1.47
2023-24,5205,,CROATIA,3.49
2023-24,5205,,CUBA,0.02
2023-24,5205,,CYPRUS,0.03
2023-24,5205,,CZECH REPUBLIC,3.6
2023-24,5205,,DENMARK,4.08
2023-24,5205,,DJIBOUTI,0.35
2023-24,5205,,DOMINIC REP,8.15
2023-24,5205,,ECUADOR,3.81
2023-24,5205,,EGYPT A RP,179.06
2023-24,5205,,EL SALVADOR,0.8
2023-24,5205,,ETHIOPIA,0.44
2023-24,5205,,FIJI IS,0.0
2023-24,5205,,FRANCE,1.31
2023-24,5205,,GEORGIA,0.15
2023-24,5205,,GERMANY,49.8
2023-24,5205,,GHANA,0.05
2023-24,5205,,GREECE,5.01
2023-24,5205,,GUATEMALA,28.07
2023-24,5205,,GUINEA,0.27
2023-24,5205,,GUYANA,0.0
2023-24,5205,,HONDURAS,0.04
2023-24,5205,,HONG KONG,0.34
2023-24,5205,,INDONESIA,13.53
2023-24,5205,,IRELAND,0.04
2023-24,5205,,ISRAEL,10.97
2023-24,5205,,ITALY,61.69
2023-24,5205,,JAPAN,31.13
2023-24,5205,,JORDAN,24.21
2023-24,5205,,KAZAKHSTAN,0.0
2023-24,5205,,KENYA,10.35
2023-24,5205,,KOREA RP,81.95
2023-24,5205,,KUWAIT,0.0
2023-24,5205,,LATVIA,0.27
2023-24,5205,,LEBANON,4.94
2023-24,5205,,LITHUANIA,0.64
2023-24,5205,,MACAO,0.14
2023-24,5205,,MADAGASCAR,7.15
2023-24,5205,,MALAWI,0.0
2023-24,5205,,MALAYSIA,15.46
2023-24,5205,,MALDIVES,0.0
2023-24,5205,,MAURITIUS,31.02
2023-24,5205,,MEXICO,6.61
2023-24,5205,,MONTENEGRO,0.73
2023-24,5205,,MOROCCO,30.01
2023-24,5205,,MYANMAR,31.5
2023-24,5205,,NEPAL,16.1
2023-24,5205,,NETHERLAND,4.1
2023-24,5205,,NEW ZEALAND,0.03
2023-24,5205,,NIGERIA,0.09
2023-24,5205,,NORWAY,0.2
2023-24,5205,,OMAN,0.02
2023-24,5205,,PANAMA REPUBLIC,0.06
2023-24,5205,,PARAGUAY,1.64
2023-24,5205,,PERU,132.55
2023-24,5205,,PHILIPPINES,13.97
2023-24,5205,,POLAND,12.84
2023-24,5205,,PORTUGAL,133.86
2023-24,5205,,QATAR,0.0
2023-24,5205,,REUNION,0.0
2023-24,5205,,ROMANIA,16.56
2023-24,5205,,RUSSIA,1.2
2023-24,5205,,RWANDA,0.0
2023-24,5205,,SAUDI ARAB,0.64
2023-24,5205,,SERBIA,0.35
2023-24,5205,,SEYCHELLES,0.0
2023-24,5205,,SINGAPORE,0.6
2023-24,5205,,SLOVENIA,1.4
2023-24,5205,,SOUTH AFRICA,13.32
2023-24,5205,,SPAIN,8.38
2023-24,5205,,SRI LANKA DSR,75.39
2023-24,5205,,SWEDEN,0.04
2023-24,5205,,SYRIA,0.85
2023-24,5205,,TAIWAN,22.45
2023-24,5205,,TANZANIA REP,0.2
2023-24,5205,,THAILAND,36.19
2023-24,5205,,TRINIDAD,0.0
2023-24,5205,,TUNISIA,13.43
2023-24,5205,,TURKEY,124.12
2023-24,5205,,U ARAB EMTS,8.56
2023-24,5205,,U K,0.88
2023-24,5205,,U S A,12.03
2023-24,5205,,UKRAINE,0.35
2023-24,5205,,URUGUAY,0.04
2023-24,5205,,VENEZUELA,0.38
2023-24,5205,,VIETNAM SOC REP,151.25
2023-24,5205,,ZAMBIA,0.0
2024-25,5205,,ALGERIA,1.64
2024-25,5205,,ARGENTINA,11.56
2024-25,5205,,ARMENIA,0.04
2024-25,5205,,AUSTRALIA,0.47
2024-25,5205,,AUSTRIA,0.85
2024-25,5205,,AZERBAIJAN,0.01
2024-25,5205,,BAHARAIN IS,1.6
2024-25,5205,,BANGLADESH PR,1682.12
2024-25,5205,,BARBADOS,0.0
2024-25,5205,,BELGIUM,4.71
2024-25,5205,,BHUTAN,0.0
2024-25,5205,,BOTSWANA,0.33
2024-25,5205,,BRAZIL,29.89
2024-25,5205,,BULGARIA,0.89
2024-25,5205,,CAMBODIA,0.83
2024-25,5205,,CAMEROON,0.0
2024-25,5205,,CANADA,2.2
2024-25,5205,,CHILE,7.75
2024-25,5205,,CHINA P RP,216.09
2024-25,5205,,COCOS IS,0.04
2024-25,5205,,COLOMBIA,78.61
2024-25,5205,,CONGO D. REP.,0.0
2024-25,5205,,COTE D' IVOIRE,0.86
2024-25,5205,,CROATIA,3.24
2024-25,5205,,CZECH REPUBLIC,3.6
2024-25,5205,,DENMARK,3.58
2024-25,5205,,DJIBOUTI,0.08
2024-25,5205,,DOMINIC REP,6.66
2024-25,5205,,ECUADOR,3.55
2024-25,5205,,EGYPT A RP,153.08
2024-25,5205,,EL SALVADOR,1.13
2024-25,5205,,ETHIOPIA,0.16
2024-25,5205,,FIJI IS,0.04
2024-25,5205,,FRANCE,1.2
2024-25,5205,,GEORGIA,0.01
2024-25,5205,,GERMANY,36.19
2024-25,5205,,GHANA,0.08
2024-25,5205,,GREECE,5.16
2024-25,5205,,GUATEMALA,23.4
2024-25,5205,,GUINEA,0.41
2024-25,5205,,GUYANA,0.0
2024-25,5205,,HONDURAS,1.09
2024-25,5205,,HONG KONG,0.25
2024-25,5205,,INDONESIA,19.02
2024-25,5205,,IRAN,0.03
2024-25,5205,,IRAQ,0.55
2024-25,5205,,IRELAND,0.0
2024-25,5205,,ISRAEL,10.27
2024-25,5205,,ITALY,63.95
2024-25,5205,,JAPAN,30.35
2024-25,5205,,JORDAN,20.25
2024-25,5205,,KENYA,7.04
2024-25,5205,,KOREA RP,79.42
2024-25,5205,,KUWAIT,0.0
2024-25,5205,,LATVIA,0.1
2024-25,5205,,LEBANON,2.69
2024-25,5205,,LITHUANIA,0.55
2024-25,5205,,MADAGASCAR,9.96
2024-25,5205,,MALAWI,0.0
2024-25,5205,,MALAYSIA,10.54
2024-25,5205,,MALDIVES,0.0
2024-25,5205,,MAURITIUS,40.3
2024-25,5205,,MEXICO,5.35
2024-25,5205,,MONTENEGRO,0.8
2024-25,5205,,MOROCCO,27.86
2024-25,5205,,MOZAMBIQUE,0.11
2024-25,5205,,MYANMAR,14.36
2024-25,5205,,NEPAL,13.29
2024-25,5205,,NETHERLAND,3.66
2024-25,5205,,NEW ZEALAND,0.02
2024-25,5205,,NIGERIA,0.0
2024-25,5205,,NORWAY,0.12
2024-25,5205,,OMAN,0.14
2024-25,5205,,PARAGUAY,1.75
2024-25,5205,,PERU,158.45
2024-25,5205,,PHILIPPINES,14.05
2024-25,5205,,POLAND,5.26
2024-25,5205,,PORTUGAL,123.76
2024-25,5205,,REUNION,0.0
2024-25,5205,,ROMANIA,11.94
2024-25,5205,,RUSSIA,2.11
2024-25,5205,,SAUDI ARAB,0.94
2024-25,5205,,SINGAPORE,0.0
2024-25,5205,,SLOVAK REP,0.0
2024-25,5205,,SLOVENIA,1.27
2024-25,5205,,SOUTH AFRICA,11.35
2024-25,5205,,SPAIN,9.24
2024-25,5205,,SRI LANKA DSR,73.98
2024-25,5205,,SWEDEN,0.04
2024-25,5205,,SYRIA,0.95
2024-25,5205,,TAIWAN,19.06
2024-25,5205,,TANZANIA REP,0.12
2024-25,5205,,THAILAND,36.52
2024-25,5205,,TRINIDAD,0.0
2024-25,5205,,TUNISIA,10.53
2024-25,5205,,TURKEY,51.01
2024-25,5205,,U ARAB EMTS,7.08
2024-25,5205,,U K,0.91
2024-25,5205,,U S A,12.74
2024-25,5205,,UGANDA,0.06
2024-25,5205,,URUGUAY,0.01
2024-25,5205,,VENEZUELA,0.65
2024-25,5205,,VIETNAM SOC REP,156.63
2024-25,5205,,YEMEN REPUBLC,0.14
2024-25,5205,,ZAMBIA,0.0
2025-26,5205,,ALGERIA,2.51
2025-26,5205,,ANGOLA,0.07
2025-26,5205,,ARGENTINA,10.99
2025-26,5205,,ARMENIA,0.1
2025-26,5205,,AUSTRALIA,0.51
2025-26,5205,,AUSTRIA,0.18
2025-26,5205,,BAHARAIN IS,0.08
2025-26,5205,,BANGLADESH PR,1393.95
2025-26,5205,,BARBADOS,0.0
2025-26,5205,,BELGIUM,4.79
2025-26,5205,,BENIN,0.08
2025-26,5205,,BHUTAN,0.01
2025-26,5205,,BOLIVIA,0.04
2025-26,5205,,BRAZIL,27.54
2025-26,5205,,BULGARIA,1.38
2025-26,5205,,CAMBODIA,0.45
2025-26,5205,,CANADA,2.19
2025-26,5205,,CHILE,6.68
2025-26,5205,,CHINA P RP,457.32
2025-26,5205,,COLOMBIA,64.9
2025-26,5205,,CONGO D. REP.,0.0
2025-26,5205,,COSTA RICA,0.03
2025-26,5205,,COTE D' IVOIRE,1.51
2025-26,5205,,CROATIA,2.19
2025-26,5205,,CZECH REPUBLIC,2.69
2025-26,5205,,DENMARK,2.84
2025-26,5205,,DJIBOUTI,0.15
2025-26,5205,,DOMINIC REP,2.96
2025-26,5205,,ECUADOR,4.47
2025-26,5205,,EGYPT A RP,236.14
2025-26,5205,,EL SALVADOR,0.02
2025-26,5205,,ETHIOPIA,0.35
2025-26,5205,,FIJI IS,0.03
2025-26,5205,,FINLAND,0.02
2025-26,5205,,FRANCE,0.35
2025-26,5205,,GEORGIA,0.1
2025-26,5205,,GERMANY,32.17
2025-26,5205,,GHANA,0.19
2025-26,5205,,GREECE,3.79
2025-26,5205,,GUATEMALA,17.53
2025-26,5205,,GUINEA,0.81
2025-26,5205,,HONDURAS,1.81
2025-26,5205,,HONG KONG,1.22
2025-26,5205,,INDONESIA,20.36
2025-26,5205,,IRAN,0.0
2025-26,5205,,IRELAND,0.02
2025-26,5205,,ISRAEL,9.82
2025-26,5205,,ITALY,47.93
2025-26,5205,,JAPAN,31.29
2025-26,5205,,JORDAN,15.28
2025-26,5205,,KAZAKHSTAN,0.0
2025-26,5205,,KENYA,1.35
2025-26,5205,,KOREA RP,76.05
2025-26,5205,,KUWAIT,0.0
2025-26,5205,,LATVIA,0.15
2025-26,5205,,LEBANON,1.1
2025-26,5205,,LITHUANIA,0.51
2025-26,5205,,MADAGASCAR,8.3
2025-26,5205,,MALAWI,0.0
2025-26,5205,,MALAYSIA,9.2
2025-26,5205,,MALDIVES,0.0
2025-26,5205,,MALTA,0.69
2025-26,5205,,MAURITIUS,20.8
2025-26,5205,,MEXICO,2.19
2025-26,5205,,MONTENEGRO,0.77
2025-26,5205,,MOROCCO,24.97
2025-26,5205,,MOZAMBIQUE,0.34
2025-26,5205,,MYANMAR,23.19
2025-26,5205,,NEPAL,14.62
2025-26,5205,,NETHERLAND,4.86
2025-26,5205,,NEW ZEALAND,0.02
2025-26,5205,,NIGERIA,0.22
2025-26,5205,,NORWAY,0.11
2025-26,5205,,OMAN,0.0
2025-26,5205,,PANAMA REPUBLIC,0.01
2025-26,5205,,PARAGUAY,2.58
2025-26,5205,,PERU,155.45
2025-26,5205,,PHILIPPINES,13.08
2025-26,5205,,POLAND,5.47
2025-26,5205,,PORTUGAL,116.03
2025-26,5205,,PUERTO RICO,0.03
2025-26,5205,,QATAR,0.0
2025-26,5205,,ROMANIA,12.72
2025-26,5205,,RUSSIA,1.31
2025-26,5205,,SAUDI ARAB,0.21
2025-26,5205,,SERBIA,0.05
2025-26,5205,,SEYCHELLES,0.0
2025-26,5205,,SINGAPORE,0.13
2025-26,5205,,SLOVENIA,0.8
2025-26,5205,,SOUTH AFRICA,11.37
2025-26,5205,,SPAIN,7.17
2025-26,5205,,SRI LANKA DSR,63.26
2025-26,5205,,SURINAME,0.0
2025-26,5205,,SWEDEN,0.05
2025-26,5205,,SWITZERLAND,0.0
2025-26,5205,,SYRIA,0.8
2025-26,5205,,TAIWAN,17.36
2025-26,5205,,TANZANIA REP,0.35
2025-26,5205,,THAILAND,25.89
2025-26,5205,,TUNISIA,10.34
2025-26,5205,,TURKEY,38.85
2025-26,5205,,U ARAB EMTS,2.98
2025-26,5205,,U K,1.0
2025-26,5205,,U S A,6.67
2025-26,5205,,UKRAINE,0.0
2025-26,5205,,URUGUAY,0.01
2025-26,5205,,UZBEKISTAN,0.0
2025-26,5205,,VENEZUELA,0.59
2025-26,5205,,VIETNAM SOC REP,123.36
2025-26,5205,,YEMEN REPUBLC,0.07
2017-18,5402,,AFGHANISTAN,0.04
2017-18,5402,,ALGERIA,6.02
2017-18,5402,,ANGOLA,0.02
2017-18,5402,,ARGENTINA,19.05
2017-18,5402,,AUSTRALIA,7.16
2017-18,5402,,AUSTRIA,0.01
2017-18,5402,,BAHARAIN IS,0.07
2017-18,5402,,BANGLADESH PR,65.46
2017-18,5402,,BELGIUM,16.92
2017-18,5402,,BELIZE,0.0
2017-18,5402,,BOTSWANA,0.02
2017-18,5402,,BRAZIL,254.08
2017-18,5402,,BULGARIA,1.16
2017-18,5402,,CANADA,12.16
2017-18,5402,,CHILE,2.02
2017-18,5402,,CHINA P RP,3.48
2017-18,5402,,COLOMBIA,17.05
2017-18,5402,,COSTA RICA,0.57
2017-18,5402,,COTE D' IVOIRE,0.02
2017-18,5402,,CROATIA,0.98
2017-18,5402,,CUBA,0.39
2017-18,5402,,CZECH REPUBLIC,1.07
2017-18,5402,,DENMARK,2.7
2017-18,5402,,DJIBOUTI,1.88
2017-18,5402,,DOMINIC REP,1.06
2017-18,5402,,ECUADOR,2.61
2017-18,5402,,EGYPT A RP,44.71
2017-18,5402,,EL SALVADOR,0.66
2017-18,5402,,ESTONIA,0.18
2017-18,5402,,ETHIOPIA,1.15
2017-18,5402,,FRANCE,0.24
2017-18,5402,,GEORGIA,0.16
2017-18,5402,,GERMANY,8.23
2017-18,5402,,GHANA,0.04
2017-18,5402,,GREECE,1.1
2017-18,5402,,GUATEMALA,1.15
2017-18,5402,,HAITI,0.17
2017-18,5402,,HONDURAS,2.12
2017-18,5402,,HONG KONG,0.79
2017-18,5402,,HUNGARY,0.16
2017-18,5402,,ICELAND,0.0
2017-18,5402,,INDONESIA,21.61
2017-18,5402,,IRAN,3.38
2017-18,5402,,IRAQ,0.02
2017-18,5402,,ISRAEL,3.64
2017-18,5402,,ITALY,8.76
2017-18,5402,,JAPAN,2.58
2017-18,5402,,JORDAN,4.01
2017-18,5402,,KAZAKHSTAN,0.06
2017-18,5402,,KENYA,6.04
2017-18,5402,,KOREA DP RP,0.0
2017-18,5402,,KOREA RP,37.68
2017-18,5402,,KUWAIT,0.01
2017-18,5402,,LATVIA,1.57
2017-18,5402,,LEBANON,0.24
2017-18,5402,,LIBYA,0.07
2017-18,5402,,LITHUANIA,0.91
2017-18,5402,,MADAGASCAR,0.42
2017-18,5402,,MALAWI,0.26
2017-18,5402,,MALAYSIA,2.23
2017-18,5402,,MALDIVES,0.0
2017-18,5402,,MALI,0.0
2017-18,5402,,MAURITANIA,0.01
2017-18,5402,,MAURITIUS,2.09
2017-18,5402,,MEXICO,19.28
2017-18,5402,,MONTENEGRO,0.03
2017-18,5402,,MOROCCO,22.9
2017-18,5402,,MOZAMBIQUE,0.04
2017-18,5402,,MYANMAR,0.25
2017-18,5402,,NAMIBIA,0.0
2017-18,5402,,NEPAL,4.97
2017-18,5402,,NETHERLAND,1.76
2017-18,5402,,NEW ZEALAND,2.42
2017-18,5402,,NICARAGUA,0.08
2017-18,5402,,NIGERIA,1.9
2017-18,5402,,OMAN,0.16
2017-18,5402,,PAKISTAN IR,4.42
2017-18,5402,,PANAMA REPUBLIC,0.01
2017-18,5402,,PAPUA N GNA,0.0
2017-18,5402,,PARAGUAY,0.48
2017-18,5402,,PERU,29.73
2017-18,5402,,PHILIPPINES,1.18
2017-18,5402,,POLAND,13.48
2017-18,5402,,PORTUGAL,11.62
2017-18,5402,,QATAR,0.09
2017-18,5402,,ROMANIA,5.91
2017-18,5402,,RUSSIA,10.33
2017-18,5402,,SAUDI ARAB,3.83
2017-18,5402,,SENEGAL,0.0
2017-18,5402,,SERBIA,0.0
2017-18,5402,,SEYCHELLES,0.0
2017-18,5402,,SINGAPORE,0.02
2017-18,5402,,SLOVENIA,0.67
2017-18,5402,,SOMALIA,0.01
2017-18,5402,,SOUTH AFRICA,1.88
2017-18,5402,,SPAIN,15.07
2017-18,5402,,SRI LANKA DSR,10.82
2017-18,5402,,ST KITT N A,0.0
2017-18,5402,,SUDAN,2.81
2017-18,5402,,SWEDEN,0.02
2017-18,5402,,SWITZERLAND,0.0
2017-18,5402,,SYRIA,11.02
2017-18,5402,,TAIWAN,0.6
2017-18,5402,,TANZANIA REP,0.76
2017-18,5402,,THAILAND,10.67
2017-18,5402,,TOGO,0.12
2017-18,5402,,TRINIDAD,0.0
2017-18,5402,,TUNISIA,3.7
2017-18,5402,,TURKEY,308.72
2017-18,5402,,U ARAB EMTS,12.84
2017-18,5402,,U K,6.1
2017-18,5402,,U S A,31.09
2017-18,5402,,UGANDA,0.81
2017-18,5402,,UKRAINE,1.9
2017-18,5402,,URUGUAY,0.31
2017-18,5402,,UZBEKISTAN,0.95
2017-18,5402,,VENEZUELA,0.14
2017-18,5402,,VIETNAM SOC REP,28.4
2017-18,5402,,YEMEN REPUBLC,0.02
2017-18,5402,,ZAMBIA,0.17
2018-19,5402,,AFGHANISTAN,0.02
2018-19,5402,,ALGERIA,9.55
2018-19,5402,,ANGOLA,0.05
2018-19,5402,,ARGENTINA,21.42
2018-19,5402,,AUSTRALIA,9.03
2018-19,5402,,AUSTRIA,0.0
2018-19,5402,,BAHARAIN IS,0.05
2018-19,5402,,BANGLADESH PR,78.1
2018-19,5402,,BARBADOS,0.03
2018-19,5402,,BELARUS,0.28
2018-19,5402,,BELGIUM,18.15
2018-19,5402,,BHUTAN,0.01
2018-19,5402,,BOLIVIA,0.02
2018-19,5402,,BOTSWANA,0.05
2018-19,5402,,BRAZIL,251.29
2018-19,5402,,BULGARIA,1.36
2018-19,5402,,CANADA,15.46
2018-19,5402,,CHAD,0.0
2018-19,5402,,CHILE,2.25
2018-19,5402,,CHINA P RP,3.97
2018-19,5402,,COLOMBIA,18.39
2018-19,5402,,CONGO P REP,0.0
2018-19,5402,,COSTA RICA,0.92
2018-19,5402,,COTE D' IVOIRE,0.09
2018-19,5402,,CROATIA,1.22
2018-19,5402,,CUBA,0.44
2018-19,5402,,CZECH REPUBLIC,1.53
2018-19,5402,,DENMARK,1.36
2018-19,5402,,DJIBOUTI,3.05
2018-19,5402,,DOMINIC REP,1.03
2018-19,5402,,ECUADOR,3.68
2018-19,5402,,EGYPT A RP,49.26
2018-19,5402,,EL SALVADOR,1.13
2018-19,5402,,EQUTL GUINEA,0.0
2018-19,5402,,ESTONIA,0.09
2018-19,5402,,ETHIOPIA,2.33
2018-19,5402,,FIJI IS,0.0
2018-19,5402,,FINLAND,0.0
2018-19,5402,,FRANCE,0.25
2018-19,5402,,GEORGIA,0.2
2018-19,5402,,GERMANY,9.89
2018-19,5402,,GHANA,0.04
2018-19,5402,,GREECE,1.22
2018-19,5402,,GUATEMALA,1.19
2018-19,5402,,GUINEA,0.02
2018-19,5402,,HAITI,0.14
2018-19,5402,,HONDURAS,1.9
2018-19,5402,,HONG KONG,0.52
2018-19,5402,,HUNGARY,0.15
2018-19,5402,,INDONESIA,29.44
2018-19,5402,,IRAN,1.97
2018-19,5402,,IRAQ,0.04
2018-19,5402,,IRELAND,0.03
2018-19,5402,,ISRAEL,2.92
2018-19,5402,,ITALY,10.5
2018-19,5402,,JAPAN,2.42
2018-19,5402,,JORDAN,4.79
2018-19,5402,,KENYA,7.83
2018-19,5402,,KOREA DP RP,0.32
2018-19,5402,,KOREA RP,46.12
2018-19,5402,,KUWAIT,0.19
2018-19,5402,,LATVIA,1.7
2018-19,5402,,LEBANON,0.5
2018-19,5402,,LIBYA,0.15
2018-19,5402,,LITHUANIA,0.99
2018-19,5402,,MADAGASCAR,0.55
2018-19,5402,,MALAWI,0.29
2018-19,5402,,MALAYSIA,1.41
2018-19,5402,,MALDIVES,0.0
2018-19,5402,,MAURITANIA,0.03
2018-19,5402,,MAURITIUS,1.38
2018-19,5402,,MEXICO,24.59
2018-19,5402,,MOLDOVA,0.05
2018-19,5402,,MONTENEGRO,0.05
2018-19,5402,,MOROCCO,26.36
2018-19,5402,,MOZAMBIQUE,0.06
2018-19,5402,,MYANMAR,0.13
2018-19,5402,,NEPAL,7.21
2018-19,5402,,NETHERLAND,3.03
2018-19,5402,,NEW ZEALAND,5.03
2018-19,5402,,NIGERIA,1.67
2018-19,5402,,OMAN,0.31
2018-19,5402,,PAKISTAN IR,5.33
2018-19,5402,,PANAMA REPUBLIC,0.02
2018-19,5402,,PARAGUAY,0.81
2018-19,5402,,PERU,28.36
2018-19,5402,,PHILIPPINES,1.63
2018-19,5402,,POLAND,11.83
2018-19,5402,,PORTUGAL,13.38
2018-19,5402,,QATAR,0.04
2018-19,5402,,ROMANIA,5.66
2018-19,5402,,RUSSIA,11.48
2018-19,5402,,SAUDI ARAB,3.32
2018-19,5402,,SERBIA,0.02
2018-19,5402,,SEYCHELLES,0.0
2018-19,5402,,SINGAPORE,0.31
2018-19,5402,,SLOVENIA,3.19
2018-19,5402,,SOUTH AFRICA,1.71
2018-19,5402,,SPAIN,15.71
2018-19,5402,,SRI LANKA DSR,13.55
2018-19,5402,,SUDAN,2.97
2018-19,5402,,SURINAME,0.0
2018-19,5402,,SWEDEN,0.03
2018-19,5402,,SYRIA,8.76
2018-19,5402,,TAIWAN,1.74
2018-19,5402,,TANZANIA REP,0.89
2018-19,5402,,THAILAND,13.33
2018-19,5402,,TOGO,0.08
2018-19,5402,,TUNISIA,4.12
2018-19,5402,,TURKEY,283.84
2018-19,5402,,U ARAB EMTS,11.82
2018-19,5402,,U K,4.55
2018-19,5402,,U S A,51.68
2018-19,5402,,UGANDA,0.83
2018-19,5402,,UKRAINE,3.44
2018-19,5402,,URUGUAY,0.28
2018-19,5402,,UZBEKISTAN,0.55
2018-19,5402,,VENEZUELA,0.21
2018-19,5402,,VIETNAM SOC REP,37.91
2018-19,5402,,VIRGIN IS US,0.01
2018-19,5402,,YEMEN REPUBLC,0.06
2018-19,5402,,ZAMBIA,0.01
2018-19,5402,,ZIMBABWE,0.04
2019-20,5402,,AFGHANISTAN,1.18
2019-20,5402,,ALGERIA,8.64
2019-20,5402,,ANGOLA,0.3
2019-20,5402,,ARGENTINA,28.78
2019-20,5402,,AUSTRALIA,11.1
2019-20,5402,,AUSTRIA,0.0
2019-20,5402,,BAHARAIN IS,0.0
2019-20,5402,,BANGLADESH PR,73.39
2019-20,5402,,BELARUS,0.03
2019-20,5402,,BELGIUM,20.87
2019-20,5402,,BHUTAN,0.03
2019-20,5402,,BOLIVIA,0.02
2019-20,5402,,BOSNIA-HRZGOVIN,0.0
2019-20,5402,,BRAZIL,192.45
2019-20,5402,,BULGARIA,1.05
2019-20,5402,,BURUNDI,0.0
2019-20,5402,,CANADA,13.14
2019-20,5402,,CHILE,1.93
2019-20,5402,,CHINA P RP,5.12
2019-20,5402,,COLOMBIA,11.05
2019-20,5402,,CONGO P REP,0.0
2019-20,5402,,COSTA RICA,0.65
2019-20,5402,,COTE D' IVOIRE,0.06
2019-20,5402,,CROATIA,1.02
2019-20,5402,,CUBA,0.14
2019-20,5402,,CZECH REPUBLIC,0.71
2019-20,5402,,DENMARK,1.81
2019-20,5402,,DJIBOUTI,3.03
2019-20,5402,,DOMINIC REP,0.84
2019-20,5402,,ECUADOR,1.28
2019-20,5402,,EGYPT A RP,53.48
2019-20,5402,,EL SALVADOR,0.22
2019-20,5402,,ERITREA,0.0
2019-20,5402,,ETHIOPIA,2.36
2019-20,5402,,FIJI IS,0.0
2019-20,5402,,FRANCE,0.24
2019-20,5402,,GEORGIA,0.32
2019-20,5402,,GERMANY,5.1
2019-20,5402,,GHANA,0.05
2019-20,5402,,GREECE,1.41
2019-20,5402,,GUATEMALA,0.68
2019-20,5402,,GUINEA,0.02
2019-20,5402,,HONDURAS,1.43
2019-20,5402,,HONG KONG,0.95
2019-20,5402,,HUNGARY,0.2
2019-20,5402,,INDONESIA,21.79
2019-20,5402,,IRAN,4.25
2019-20,5402,,IRAQ,0.02
2019-20,5402,,ISRAEL,3.72
2019-20,5402,,ITALY,6.85
2019-20,5402,,JAPAN,2.23
2019-20,5402,,JORDAN,6.14
2019-20,5402,,KENYA,7.23
2019-20,5402,,KOREA DP RP,0.17
2019-20,5402,,KOREA RP,36.97
2019-20,5402,,KUWAIT,0.07
2019-20,5402,,LATVIA,0.25
2019-20,5402,,LEBANON,0.04
2019-20,5402,,LIBYA,0.14
2019-20,5402,,LITHUANIA,0.45
2019-20,5402,,MADAGASCAR,0.45
2019-20,5402,,MALAWI,0.18
2019-20,5402,,MALAYSIA,1.76
2019-20,5402,,MALDIVES,0.0
2019-20,5402,,MAURITANIA,0.02
2019-20,5402,,MAURITIUS,1.1
2019-20,5402,,MEXICO,14.21
2019-20,5402,,MOROCCO,24.27
2019-20,5402,,MOZAMBIQUE,0.1
2019-20,5402,,MYANMAR,0.36
2019-20,5402,,NEPAL,8.12
2019-20,5402,,NETHERLAND,3.19
2019-20,5402,,NEW ZEALAND,5.21
2019-20,5402,,NICARAGUA,0.0
2019-20,5402,,NIGERIA,1.67
2019-20,5402,,OMAN,0.2
2019-20,5402,,PAKISTAN IR,1.6
2019-20,5402,,PANAMA REPUBLIC,0.01
2019-20,5402,,PARAGUAY,0.56
2019-20,5402,,PERU,19.14
2019-20,5402,,PHILIPPINES,0.33
2019-20,5402,,POLAND,8.43
2019-20,5402,,PORTUGAL,9.51
2019-20,5402,,QATAR,0.1
2019-20,5402,,ROMANIA,7.28
2019-20,5402,,RUSSIA,12.4
2019-20,5402,,RWANDA,0.0
2019-20,5402,,SAUDI ARAB,4.1
2019-20,5402,,SERBIA,0.29
2019-20,5402,,SINGAPORE,0.16
2019-20,5402,,SLOVENIA,0.45
2019-20,5402,,SOMALIA,0.0
2019-20,5402,,SOUTH AFRICA,1.49
2019-20,5402,,SPAIN,12.09
2019-20,5402,,SRI LANKA DSR,11.57
2019-20,5402,,SUDAN,4.62
2019-20,5402,,SYRIA,11.52
2019-20,5402,,TAIWAN,1.27
2019-20,5402,,TANZANIA REP,0.26
2019-20,5402,,THAILAND,9.65
2019-20,5402,,TOGO,0.31
2019-20,5402,,TUNISIA,4.34
2019-20,5402,,TURKEY,300.5
2019-20,5402,,U ARAB EMTS,16.35
2019-20,5402,,U K,6.93
2019-20,5402,,U S A,39.97
2019-20,5402,,UGANDA,0.69
2019-20,5402,,UKRAINE,1.66
2019-20,5402,,URUGUAY,0.2
2019-20,5402,,UZBEKISTAN,0.4
2019-20,5402,,VENEZUELA,0.16
2019-20,5402,,VIETNAM SOC REP,22.5
2019-20,5402,,YEMEN REPUBLC,0.05
2019-20,5402,,ZAMBIA,0.02
2019-20,5402,,ZIMBABWE,0.08
2020-21,5402,,AFGHANISTAN,0.58
2020-21,5402,,ALGERIA,5.46
2020-21,5402,,ANGOLA,0.06
2020-21,5402,,ARGENTINA,29.95
2020-21,5402,,AUSTRALIA,12.57
2020-21,5402,,BAHARAIN IS,0.0
2020-21,5402,,BANGLADESH PR,53.62
2020-21,5402,,BELARUS,0.15
2020-21,5402,,BELGIUM,20.18
2020-21,5402,,BHUTAN,0.01
2020-21,5402,,BOLIVIA,0.04
2020-21,5402,,BOSNIA-HRZGOVIN,0.0
2020-21,5402,,BOTSWANA,0.01
2020-21,5402,,BRAZIL,116.24
2020-21,5402,,BRUNEI,0.0
2020-21,5402,,BULGARIA,0.69
2020-21,5402,,CAMEROON,0.0
2020-21,5402,,CANADA,14.22
2020-21,5402,,CHILE,1.36
2020-21,5402,,CHINA P RP,3.78
2020-21,5402,,COLOMBIA,5.25
2020-21,5402,,CONGO D. REP.,0.0
2020-21,5402,,COSTA RICA,0.44
2020-21,5402,,COTE D' IVOIRE,0.11
2020-21,5402,,CROATIA,1.21
2020-21,5402,,CUBA,0.01
2020-21,5402,,CYPRUS,0.0
2020-21,5402,,CZECH REPUBLIC,0.51
2020-21,5402,,DENMARK,1.81
2020-21,5402,,DJIBOUTI,2.15
2020-21,5402,,DOMINIC REP,0.72
2020-21,5402,,ECUADOR,1.16
2020-21,5402,,EGYPT A RP,41.77
2020-21,5402,,EL SALVADOR,0.38
2020-21,5402,,ESTONIA,0.14
2020-21,5402,,ETHIOPIA,1.01
2020-21,5402,,FIJI IS,0.0
2020-21,5402,,FRANCE,0.28
2020-21,5402,,GAMBIA,0.0
2020-21,5402,,GEORGIA,0.32
2020-21,5402,,GERMANY,4.8
2020-21,5402,,GHANA,0.09
2020-21,5402,,GREECE,1.56
2020-21,5402,,GUATEMALA,0.47
2020-21,5402,,GUINEA,0.01
2020-21,5402,,HONDURAS,0.76
2020-21,5402,,HONG KONG,0.26
2020-21,5402,,HUNGARY,0.15
2020-21,5402,,INDONESIA,9.57
2020-21,5402,,IRAN,0.82
2020-21,5402,,IRAQ,0.02
2020-21,5402,,ISRAEL,1.97
2020-21,5402,,ITALY,5.83
2020-21,5402,,JAPAN,1.45
2020-21,5402,,JORDAN,6.59
2020-21,5402,,KENYA,4.64
2020-21,5402,,KOREA DP RP,0.02
2020-21,5402,,KOREA RP,14.4
2020-21,5402,,KUWAIT,0.02
2020-21,5402,,LATVIA,0.4
2020-21,5402,,LEBANON,0.35
2020-21,5402,,LIBERIA,0.0
2020-21,5402,,LITHUANIA,0.26
2020-21,5402,,MACEDONIA,0.02
2020-21,5402,,MADAGASCAR,0.26
2020-21,5402,,MALAWI,0.18
2020-21,5402,,MALAYSIA,1.42
2020-21,5402,,MALDIVES,0.01
2020-21,5402,,MAURITANIA,0.06
2020-21,5402,,MAURITIUS,0.62
2020-21,5402,,MEXICO,7.61
2020-21,5402,,MOLDOVA,0.1
2020-21,5402,,MOROCCO,19.07
2020-21,5402,,MOZAMBIQUE,0.15
2020-21,5402,,MYANMAR,0.56
2020-21,5402,,NEPAL,9.09
2020-21,5402,,NETHERLAND,5.48
2020-21,5402,,NEW ZEALAND,2.17
2020-21,5402,,NIGERIA,1.91
2020-21,5402,,OMAN,0.38
2020-21,5402,,PANAMA REPUBLIC,0.01
2020-21,5402,,PARAGUAY,0.32
2020-21,5402,,PERU,12.91
2020-21,5402,,PHILIPPINES,0.1
2020-21,5402,,POLAND,8.15
2020-21,5402,,PORTUGAL,6.89
2020-21,5402,,QATAR,0.12
2020-21,5402,,REUNION,0.0
2020-21,5402,,ROMANIA,5.03
2020-21,5402,,RUSSIA,13.85
2020-21,5402,,SAUDI ARAB,3.19
2020-21,5402,,SENEGAL,0.0
2020-21,5402,,SERBIA,0.29
2020-21,5402,,SEYCHELLES,0.0
2020-21,5402,,SINGAPORE,0.04
2020-21,5402,,SLOVENIA,0.17
2020-21,5402,,SOMALIA,0.0
2020-21,5402,,SOUTH AFRICA,1.68
2020-21,5402,,SPAIN,12.23
2020-21,5402,,SRI LANKA DSR,10.81
2020-21,5402,,SUDAN,0.38
2020-21,5402,,SYRIA,11.03
2020-21,5402,,TAIWAN,0.23
2020-21,5402,,TANZANIA REP,0.5
2020-21,5402,,THAILAND,4.22
2020-21,5402,,TOGO,0.28
2020-21,5402,,TUNISIA,3.51
2020-21,5402,,TURKEY,193.16
2020-21,5402,,U ARAB EMTS,19.05
2020-21,5402,,U K,5.5
2020-21,5402,,U S A,35.6
2020-21,5402,,UGANDA,0.19
2020-21,5402,,UKRAINE,1.07
2020-21,5402,,URUGUAY,0.28
2020-21,5402,,UZBEKISTAN,0.4
2020-21,5402,,VENEZUELA,0.15
2020-21,5402,,VIETNAM SOC REP,12.06
2020-21,5402,,YEMEN REPUBLC,0.02
2020-21,5402,,ZAMBIA,0.04
2020-21,5402,,ZIMBABWE,0.09
2021-22,5402,,AFGHANISTAN,1.29
2021-22,5402,,ALGERIA,11.28
2021-22,5402,,ANGOLA,0.0
2021-22,5402,,ARGENTINA,53.14
2021-22,5402,,AUSTRALIA,18.12
2021-22,5402,,AUSTRIA,0.0
2021-22,5402,,BAHARAIN IS,0.03
2021-22,5402,,BANGLADESH PR,79.87
2021-22,5402,,BELARUS,0.04
2021-22,5402,,BELGIUM,34.58
2021-22,5402,,BENIN,0.0
2021-22,5402,,BHUTAN,0.03
2021-22,5402,,BOLIVIA,0.02
2021-22,5402,,BOSNIA-HRZGOVIN,0.0
2021-22,5402,,BOTSWANA,0.03
2021-22,5402,,BRAZIL,190.77
2021-22,5402,,BULGARIA,2.75
2021-22,5402,,CANADA,15.17
2021-22,5402,,CHILE,1.48
2021-22,5402,,CHINA P RP,19.76
2021-22,5402,,COLOMBIA,6.07
2021-22,5402,,CONGO D. REP.,0.04
2021-22,5402,,COSTA RICA,0.7
2021-22,5402,,COTE D' IVOIRE,0.29
2021-22,5402,,CROATIA,1.41
2021-22,5402,,CUBA,0.11
2021-22,5402,,CZECH REPUBLIC,0.15
2021-22,5402,,DENMARK,2.7
2021-22,5402,,DJIBOUTI,5.25
2021-22,5402,,DOMINIC REP,0.71
2021-22,5402,,ECUADOR,1.09
2021-22,5402,,EGYPT A RP,117.52
2021-22,5402,,EL SALVADOR,0.36
2021-22,5402,,ESTONIA,0.41
2021-22,5402,,ETHIOPIA,1.19
2021-22,5402,,FIJI IS,0.0
2021-22,5402,,FRANCE,0.4
2021-22,5402,,GABON,0.0
2021-22,5402,,GAMBIA,0.01
2021-22,5402,,GEORGIA,0.37
2021-22,5402,,GERMANY,7.73
2021-22,5402,,GHANA,0.09
2021-22,5402,,GREECE,1.4
2021-22,5402,,GUATEMALA,0.86
2021-22,5402,,GUINEA,0.04
2021-22,5402,,HONDURAS,0.56
2021-22,5402,,HONG KONG,0.08
2021-22,5402,,HUNGARY,0.16
2021-22,5402,,INDONESIA,15.17
2021-22,5402,,IRAN,4.17
2021-22,5402,,IRAQ,0.02
2021-22,5402,,IRELAND,0.19
2021-22,5402,,ISRAEL,2.75
2021-22,5402,,ITALY,17.61
2021-22,5402,,JAPAN,1.89
2021-22,5402,,JORDAN,15.87
2021-22,5402,,KENYA,8.32
2021-22,5402,,KOREA RP,17.52
2021-22,5402,,KUWAIT,0.03
2021-22,5402,,LATVIA,1.31
2021-22,5402,,LEBANON,0.99
2021-22,5402,,LIBYA,1.02
2021-22,5402,,LITHUANIA,1.34
2021-22,5402,,MADAGASCAR,0.48
2021-22,5402,,MALAWI,0.19
2021-22,5402,,MALAYSIA,1.32
2021-22,5402,,MALDIVES,0.0
2021-22,5402,,MAURITANIA,0.06
2021-22,5402,,MAURITIUS,1.32
2021-22,5402,,MEXICO,11.56
2021-22,5402,,MOROCCO,50.69
2021-22,5402,,MOZAMBIQUE,0.29
2021-22,5402,,MYANMAR,0.29
2021-22,5402,,NEPAL,13.87
2021-22,5402,,NETHERLAND,9.6
2021-22,5402,,NEW ZEALAND,4.74
2021-22,5402,,NIGERIA,2.0
2021-22,5402,,OMAN,0.82
2021-22,5402,,PANAMA REPUBLIC,0.01
2021-22,5402,,PARAGUAY,0.39
2021-22,5402,,PERU,14.76
2021-22,5402,,PHILIPPINES,0.06
2021-22,5402,,POLAND,19.99
2021-22,5402,,PORTUGAL,17.96
2021-22,5402,,QATAR,0.09
2021-22,5402,,ROMANIA,11.23
2021-22,5402,,RUSSIA,21.35
2021-22,5402,,RWANDA,0.0
2021-22,5402,,SAUDI ARAB,4.87
2021-22,5402,,SENEGAL,0.18
2021-22,5402,,SERBIA,0.59
2021-22,5402,,SINGAPORE,0.03
2021-22,5402,,SLOVAK REP,0.01
2021-22,5402,,SLOVENIA,0.37
2021-22,5402,,SOUTH AFRICA,3.87
2021-22,5402,,SPAIN,31.01
2021-22,5402,,SRI LANKA DSR,21.57
2021-22,5402,,SUDAN,2.89
2021-22,5402,,SWEDEN,0.01
2021-22,5402,,SYRIA,18.48
2021-22,5402,,TAIWAN,0.26
2021-22,5402,,TANZANIA REP,1.35
2021-22,5402,,THAILAND,3.54
2021-22,5402,,TOGO,0.48
2021-22,5402,,TUNISIA,4.32
2021-22,5402,,TURKEY,362.12
2021-22,5402,,U ARAB EMTS,34.63
2021-22,5402,,U K,9.6
2021-22,5402,,U S A,54.94
2021-22,5402,,UGANDA,0.14
2021-22,5402,,UKRAINE,3.43
2021-22,5402,,URUGUAY,0.25
2021-22,5402,,UZBEKISTAN,3.44
2021-22,5402,,VANUATU REP,0.0
2021-22,5402,,VENEZUELA,0.29
2021-22,5402,,VIETNAM SOC REP,7.83
2021-22,5402,,ZAMBIA,0.01
2021-22,5402,,ZIMBABWE,0.11
2022-23,5402,,AFGHANISTAN,0.52
2022-23,5402,,ALGERIA,8.67
2022-23,5402,,ANGOLA,0.24
2022-23,5402,,ARGENTINA,28.69
2022-23,5402,,AUSTRALIA,20.68
2022-23,5402,,AUSTRIA,0.01
2022-23,5402,,BAHARAIN IS,0.03
2022-23,5402,,BANGLADESH PR,39.41
2022-23,5402,,BELGIUM,20.53
2022-23,5402,,BHUTAN,0.03
2022-23,5402,,BOLIVIA,0.03
2022-23,5402,,BOSNIA-HRZGOVIN,0.03
2022-23,5402,,BOTSWANA,0.0
2022-23,5402,,BRAZIL,82.34
2022-23,5402,,BULGARIA,1.17
2022-23,5402,,CANADA,11.19
2022-23,5402,,CHILE,0.6
2022-23,5402,,CHINA P RP,2.63
2022-23,5402,,COLOMBIA,1.5
2022-23,5402,,CONGO D. REP.,0.0
2022-23,5402,,CONGO P REP,0.04
2022-23,5402,,COSTA RICA,0.15
2022-23,5402,,COTE D' IVOIRE,0.17
2022-23,5402,,CROATIA,0.85
2022-23,5402,,CUBA,0.09
2022-23,5402,,CYPRUS,0.0
2022-23,5402,,CZECH REPUBLIC,0.01
2022-23,5402,,DENMARK,2.71
2022-23,5402,,DJIBOUTI,3.71
2022-23,5402,,DOMINIC REP,0.37
2022-23,5402,,DOMINICA,0.0
2022-23,5402,,ECUADOR,0.68
2022-23,5402,,EGYPT A RP,30.22
2022-23,5402,,EL SALVADOR,0.07
2022-23,5402,,ESTONIA,0.27
2022-23,5402,,ETHIOPIA,0.53
2022-23,5402,,FIJI IS,0.0
2022-23,5402,,FRANCE,0.32
2022-23,5402,,GAMBIA,0.0
2022-23,5402,,GEORGIA,0.22
2022-23,5402,,GERMANY,7.12
2022-23,5402,,GHANA,0.02
2022-23,5402,,GREECE,1.1
2022-23,5402,,GUATEMALA,0.36
2022-23,5402,,GUINEA,0.03
2022-23,5402,,GUYANA,0.0
2022-23,5402,,HONDURAS,0.54
2022-23,5402,,HONG KONG,0.0
2022-23,5402,,HUNGARY,0.02
2022-23,5402,,INDONESIA,12.13
2022-23,5402,,IRAN,2.19
2022-23,5402,,IRAQ,0.03
2022-23,5402,,IRELAND,0.21
2022-23,5402,,ISRAEL,1.86
2022-23,5402,,ITALY,8.58
2022-23,5402,,JAPAN,1.96
2022-23,5402,,JORDAN,11.23
2022-23,5402,,KENYA,4.85
2022-23,5402,,KOREA RP,14.25
2022-23,5402,,KUWAIT,0.04
2022-23,5402,,LATVIA,0.86
2022-23,5402,,LIBYA,0.42
2022-23,5402,,LITHUANIA,0.27
2022-23,5402,,MADAGASCAR,0.3
2022-23,5402,,MALAWI,0.06
2022-23,5402,,MALAYSIA,0.85
2022-23,5402,,MALDIVES,0.01
2022-23,5402,,MAURITANIA,0.04
2022-23,5402,,MAURITIUS,1.11
2022-23,5402,,MEXICO,5.68
2022-23,5402,,MOROCCO,46.73
2022-23,5402,,MOZAMBIQUE,0.24
2022-23,5402,,MYANMAR,0.0
2022-23,5402,,NAMIBIA,0.0
2022-23,5402,,NEPAL,12.74
2022-23,5402,,NETHERLAND,9.11
2022-23,5402,,NEW ZEALAND,1.89
2022-23,5402,,NIGERIA,1.66
2022-23,5402,,OMAN,0.7
2022-23,5402,,PAKISTAN IR,0.0
2022-23,5402,,PANAMA REPUBLIC,0.05
2022-23,5402,,PARAGUAY,0.26
2022-23,5402,,PERU,9.43
2022-23,5402,,PHILIPPINES,0.03
2022-23,5402,,POLAND,7.16
2022-23,5402,,PORTUGAL,10.16
2022-23,5402,,QATAR,0.14
2022-23,5402,,ROMANIA,8.21
2022-23,5402,,RUSSIA,7.99
2022-23,5402,,RWANDA,0.01
2022-23,5402,,SAUDI ARAB,6.04
2022-23,5402,,SENEGAL,0.11
2022-23,5402,,SERBIA,0.27
2022-23,5402,,SINGAPORE,0.16
2022-23,5402,,SLOVENIA,0.53
2022-23,5402,,SOUTH AFRICA,4.29
2022-23,5402,,SPAIN,20.29
2022-23,5402,,SRI LANKA DSR,15.01
2022-23,5402,,SUDAN,3.74
2022-23,5402,,SWITZERLAND,0.0
2022-23,5402,,SYRIA,0.36
2022-23,5402,,TAIWAN,0.0
2022-23,5402,,TAJIKISTAN,0.05
2022-23,5402,,TANZANIA REP,0.72
2022-23,5402,,THAILAND,3.63
2022-23,5402,,TOGO,0.29
2022-23,5402,,TUNISIA,6.15
2022-23,5402,,TURKEY,298.99
2022-23,5402,,U ARAB EMTS,31.71
2022-23,5402,,U K,4.69
2022-23,5402,,U S A,57.61
2022-23,5402,,UGANDA,0.08
2022-23,5402,,UKRAINE,0.05
2022-23,5402,,URUGUAY,0.15
2022-23,5402,,UZBEKISTAN,2.03
2022-23,5402,,VENEZUELA,0.38
2022-23,5402,,VIETNAM SOC REP,4.99
2022-23,5402,,YEMEN REPUBLC,0.01
2022-23,5402,,ZAMBIA,0.26
2022-23,5402,,ZIMBABWE,0.08
2023-24,5402,,AFGHANISTAN,0.23
2023-24,5402,,ALGERIA,12.64
2023-24,5402,,ANGOLA,0.47
2023-24,5402,,ARGENTINA,15.08
2023-24,5402,,AUSTRALIA,23.73
2023-24,5402,,AUSTRIA,0.01
2023-24,5402,,BAHARAIN IS,0.01
2023-24,5402,,BANGLADESH PR,43.64
2023-24,5402,,BELGIUM,23.8
2023-24,5402,,BENIN,0.0
2023-24,5402,,BHUTAN,0.03
2023-24,5402,,BOSNIA-HRZGOVIN,0.0
2023-24,5402,,BOTSWANA,0.01
2023-24,5402,,BRAZIL,68.81
2023-24,5402,,BULGARIA,0.55
2023-24,5402,,CAMBODIA,0.11
2023-24,5402,,CANADA,9.86
2023-24,5402,,CHILE,0.78
2023-24,5402,,CHINA P RP,4.5
2023-24,5402,,COLOMBIA,3.78
2023-24,5402,,COMOROS,0.0
2023-24,5402,,CONGO D. REP.,0.0
2023-24,5402,,CONGO P REP,0.01
2023-24,5402,,COSTA RICA,0.09
2023-24,5402,,COTE D' IVOIRE,0.31
2023-24,5402,,CROATIA,1.0
2023-24,5402,,CUBA,0.08
2023-24,5402,,CYPRUS,0.0
2023-24,5402,,CZECH REPUBLIC,0.06
2023-24,5402,,DENMARK,1.73
2023-24,5402,,DJIBOUTI,1.93
2023-24,5402,,DOMINIC REP,0.14
2023-24,5402,,ECUADOR,0.78
2023-24,5402,,EGYPT A RP,32.82
2023-24,5402,,EL SALVADOR,0.04
2023-24,5402,,ESTONIA,0.65
2023-24,5402,,ETHIOPIA,0.63
2023-24,5402,,FRANCE,0.16
2023-24,5402,,GAMBIA,0.0
2023-24,5402,,GEORGIA,0.21
2023-24,5402,,GERMANY,7.16
2023-24,5402,,GHANA,0.07
2023-24,5402,,GREECE,0.92
2023-24,5402,,GUATEMALA,0.45
2023-24,5402,,GUINEA,0.04
2023-24,5402,,HONDURAS,0.08
2023-24,5402,,HONG KONG,0.07
2023-24,5402,,HUNGARY,0.05
2023-24,5402,,INDONESIA,8.61
2023-24,5402,,IRAN,0.87
2023-24,5402,,IRAQ,0.01
2023-24,5402,,IRELAND,0.34
2023-24,5402,,ISRAEL,0.88
2023-24,5402,,ITALY,5.05
2023-24,5402,,JAPAN,1.83
2023-24,5402,,JORDAN,9.24
2023-24,5402,,KENYA,5.8
2023-24,5402,,KOREA RP,20.02
2023-24,5402,,KUWAIT,0.03
2023-24,5402,,LATVIA,0.16
2023-24,5402,,LEBANON,0.03
2023-24,5402,,LIBERIA,0.0
2023-24,5402,,LIBYA,2.31
2023-24,5402,,LITHUANIA,0.05
2023-24,5402,,MADAGASCAR,0.16
2023-24,5402,,MALAWI,0.05
2023-24,5402,,MALAYSIA,0.72
2023-24,5402,,MALDIVES,0.0
2023-24,5402,,MAURITANIA,0.04
2023-24,5402,,MAURITIUS,0.77
2023-24,5402,,MEXICO,5.31
2023-24,5402,,MONACO,0.0
2023-24,5402,,MOROCCO,33.82
2023-24,5402,,MOZAMBIQUE,0.6
2023-24,5402,,MYANMAR,0.33
2023-24,5402,,NAMIBIA,0.0
2023-24,5402,,NEPAL,8.97
2023-24,5402,,NETHERLAND,16.19
2023-24,5402,,NEW ZEALAND,1.22
2023-24,5402,,NIGERIA,1.27
2023-24,5402,,OMAN,0.6
2023-24,5402,,PARAGUAY,0.37
2023-24,5402,,PERU,8.22
2023-24,5402,,PHILIPPINES,0.06
2023-24,5402,,POLAND,4.26
2023-24,5402,,PORTUGAL,5.79
2023-24,5402,,PUERTO RICO,0.02
2023-24,5402,,QATAR,0.1
2023-24,5402,,REUNION,0.0
2023-24,5402,,ROMANIA,9.53
2023-24,5402,,RUSSIA,12.38
2023-24,5402,,SAUDI ARAB,9.99
2023-24,5402,,SENEGAL,0.28
2023-24,5402,,SERBIA,0.11
2023-24,5402,,SIERRA LEONE,0.0
2023-24,5402,,SINGAPORE,0.11
2023-24,5402,,SLOVENIA,0.59
2023-24,5402,,SOUTH AFRICA,3.39
2023-24,5402,,SPAIN,18.53
2023-24,5402,,SRI LANKA DSR,13.37
2023-24,5402,,SUDAN,0.28
2023-24,5402,,SURINAME,0.0
2023-24,5402,,SWITZERLAND,0.0
2023-24,5402,,SYRIA,0.16
2023-24,5402,,TAIWAN,0.0
2023-24,5402,,TAJIKISTAN,0.08
2023-24,5402,,TANZANIA REP,0.71
2023-24,5402,,THAILAND,3.73
2023-24,5402,,TOGO,0.28
2023-24,5402,,TRINIDAD,0.0
2023-24,5402,,TUNISIA,5.13
2023-24,5402,,TURKEY,238.58
2023-24,5402,,U ARAB EMTS,26.1
2023-24,5402,,U K,2.92
2023-24,5402,,U S A,47.27
2023-24,5402,,UGANDA,0.08
2023-24,5402,,URUGUAY,0.05
2023-24,5402,,UZBEKISTAN,4.15
2023-24,5402,,VENEZUELA,0.14
2023-24,5402,,VIETNAM SOC REP,6.88
2023-24,5402,,YEMEN REPUBLC,0.02
2023-24,5402,,ZAMBIA,0.34
2023-24,5402,,ZIMBABWE,0.01
2024-25,5402,,AFGHANISTAN,0.11
2024-25,5402,,ALGERIA,14.53
2024-25,5402,,ANGOLA,0.3
2024-25,5402,,ARGENTINA,8.82
2024-25,5402,,AUSTRALIA,25.48
2024-25,5402,,AUSTRIA,0.0
2024-25,5402,,AZERBAIJAN,0.07
2024-25,5402,,BANGLADESH PR,50.83
2024-25,5402,,BELARUS,0.13
2024-25,5402,,BELGIUM,24.17
2024-25,5402,,BENIN,0.06
2024-25,5402,,BHUTAN,0.12
2024-25,5402,,BOSNIA-HRZGOVIN,0.03
2024-25,5402,,BOTSWANA,0.03
2024-25,5402,,BRAZIL,132.01
2024-25,5402,,BULGARIA,0.49
2024-25,5402,,CANADA,11.99
2024-25,5402,,CHILE,0.96
2024-25,5402,,CHINA P RP,14.42
2024-25,5402,,COLOMBIA,3.11
2024-25,5402,,CONGO D. REP.,0.09
2024-25,5402,,COSTA RICA,0.06
2024-25,5402,,COTE D' IVOIRE,0.4
2024-25,5402,,CROATIA,1.0
2024-25,5402,,CZECH REPUBLIC,0.03
2024-25,5402,,DENMARK,0.93
2024-25,5402,,DJIBOUTI,1.18
2024-25,5402,,DOMINIC REP,0.17
2024-25,5402,,ECUADOR,0.7
2024-25,5402,,EGYPT A RP,49.94
2024-25,5402,,EL SALVADOR,0.14
2024-25,5402,,ESTONIA,0.49
2024-25,5402,,ETHIOPIA,0.29
2024-25,5402,,FIJI IS,0.0
2024-25,5402,,FRANCE,0.25
2024-25,5402,,GAMBIA,0.0
2024-25,5402,,GEORGIA,0.08
2024-25,5402,,GERMANY,9.46
2024-25,5402,,GHANA,0.07
2024-25,5402,,GREECE,0.98
2024-25,5402,,GUATEMALA,0.46
2024-25,5402,,GUINEA,0.03
2024-25,5402,,HONDURAS,0.19
2024-25,5402,,HONG KONG,0.78
2024-25,5402,,HUNGARY,0.04
2024-25,5402,,INDONESIA,11.4
2024-25,5402,,IRAN,1.56
2024-25,5402,,IRAQ,0.11
2024-25,5402,,IRELAND,1.08
2024-25,5402,,ISRAEL,1.22
2024-25,5402,,ITALY,5.32
2024-25,5402,,JAPAN,1.7
2024-25,5402,,JORDAN,8.78
2024-25,5402,,KENYA,7.44
2024-25,5402,,KOREA RP,25.48
2024-25,5402,,KUWAIT,0.01
2024-25,5402,,LATVIA,0.0
2024-25,5402,,LIBYA,1.15
2024-25,5402,,LITHUANIA,0.1
2024-25,5402,,MADAGASCAR,0.24
2024-25,5402,,MALAWI,0.04
2024-25,5402,,MALAYSIA,9.05
2024-25,5402,,MALDIVES,0.0
2024-25,5402,,MAURITANIA,0.04
2024-25,5402,,MAURITIUS,0.82
2024-25,5402,,MEXICO,7.11
2024-25,5402,,MOROCCO,33.53
2024-25,5402,,MOZAMBIQUE,0.22
2024-25,5402,,MYANMAR,0.01
2024-25,5402,,NEPAL,12.2
2024-25,5402,,NETHERLAND,15.94
2024-25,5402,,NEW ZEALAND,1.56
2024-25,5402,,NIGER,0.0
2024-25,5402,,NIGERIA,1.44
2024-25,5402,,OMAN,0.79
2024-25,5402,,PARAGUAY,0.57
2024-25,5402,,PERU,9.4
2024-25,5402,,PHILIPPINES,0.02
2024-25,5402,,POLAND,5.65
2024-25,5402,,PORTUGAL,7.48
2024-25,5402,,QATAR,0.11
2024-25,5402,,ROMANIA,5.14
2024-25,5402,,RUSSIA,25.7
2024-25,5402,,SAUDI ARAB,5.86
2024-25,5402,,SENEGAL,0.17
2024-25,5402,,SERBIA,0.03
2024-25,5402,,SEYCHELLES,0.0
2024-25,5402,,SIERRA LEONE,0.0
2024-25,5402,,SINGAPORE,0.1
2024-25,5402,,SLOVENIA,0.53
2024-25,5402,,SOMALIA,0.02
2024-25,5402,,SOUTH AFRICA,5.03
2024-25,5402,,SPAIN,18.13
2024-25,5402,,SRI LANKA DSR,15.26
2024-25,5402,,SURINAME,0.0
2024-25,5402,,SWEDEN,0.0
2024-25,5402,,SWITZERLAND,0.0
2024-25,5402,,SYRIA,0.24
2024-25,5402,,TAIWAN,0.03
2024-25,5402,,TAJIKISTAN,0.17
2024-25,5402,,TANZANIA REP,0.93
2024-25,5402,,THAILAND,3.52
2024-25,5402,,TOGO,0.34
2024-25,5402,,TUNISIA,5.87
2024-25,5402,,TURKEY,159.01
2024-25,5402,,TURKMENISTAN,0.07
2024-25,5402,,U ARAB EMTS,11.17
2024-25,5402,,U K,2.82
2024-25,5402,,U S A,45.53
2024-25,5402,,UGANDA,0.07
2024-25,5402,,UKRAINE,0.08
2024-25,5402,,URUGUAY,0.1
2024-25,5402,,UZBEKISTAN,2.1
2024-25,5402,,VENEZUELA,0.25
2024-25,5402,,VIETNAM SOC REP,5.35
2024-25,5402,,YEMEN REPUBLC,0.0
2024-25,5402,,ZAMBIA,0.46
2025-26,5402,,AFGHANISTAN,0.11
2025-26,5402,,ALGERIA,12.82
2025-26,5402,,ANGOLA,0.61
2025-26,5402,,ARGENTINA,3.55
2025-26,5402,,AUSTRALIA,25.89
2025-26,5402,,AUSTRIA,0.11
2025-26,5402,,BAHARAIN IS,0.0
2025-26,5402,,BANGLADESH PR,36.48
2025-26,5402,,BELARUS,0.03
2025-26,5402,,BELGIUM,12.08
2025-26,5402,,BENIN,0.09
2025-26,5402,,BHUTAN,0.08
2025-26,5402,,BOLIVIA,0.04
2025-26,5402,,BOTSWANA,0.03
2025-26,5402,,BRAZIL,72.31
2025-26,5402,,BULGARIA,0.38
2025-26,5402,,CAMEROON,0.02
2025-26,5402,,CANADA,7.61
2025-26,5402,,CHILE,1.07
2025-26,5402,,CHINA P RP,2.7
2025-26,5402,,COLOMBIA,1.59
2025-26,5402,,CONGO D. REP.,0.04
2025-26,5402,,CONGO P REP,0.01
2025-26,5402,,COSTA RICA,0.01
2025-26,5402,,COTE D' IVOIRE,0.16
2025-26,5402,,CROATIA,0.96
2025-26,5402,,CUBA,0.09
2025-26,5402,,CZECH REPUBLIC,0.0
2025-26,5402,,DENMARK,1.22
2025-26,5402,,DJIBOUTI,2.32
2025-26,5402,,DOMINIC REP,0.11
2025-26,5402,,ECUADOR,0.45
2025-26,5402,,EGYPT A RP,52.5
2025-26,5402,,EL SALVADOR,0.09
2025-26,5402,,ESTONIA,0.08
2025-26,5402,,ETHIOPIA,0.22
2025-26,5402,,FIJI IS,0.0
2025-26,5402,,FRANCE,0.32
2025-26,5402,,GAMBIA,0.0
2025-26,5402,,GEORGIA,0.14
2025-26,5402,,GERMANY,11.9
2025-26,5402,,GHANA,0.07
2025-26,5402,,GREECE,0.88
2025-26,5402,,GUATEMALA,0.3
2025-26,5402,,GUINEA,0.1
2025-26,5402,,HONDURAS,0.82
2025-26,5402,,HUNGARY,0.01
2025-26,5402,,INDONESIA,8.7
2025-26,5402,,IRAN,0.45
2025-26,5402,,IRAQ,0.02
2025-26,5402,,IRELAND,0.27
2025-26,5402,,ISRAEL,0.64
2025-26,5402,,ITALY,3.22
2025-26,5402,,JAMAICA,0.0
2025-26,5402,,JAPAN,1.48
2025-26,5402,,JORDAN,7.91
2025-26,5402,,KENYA,9.09
2025-26,5402,,KOREA RP,15.27
2025-26,5402,,KUWAIT,0.02
2025-26,5402,,LATVIA,0.01
2025-26,5402,,LEBANON,0.03
2025-26,5402,,LIBYA,0.11
2025-26,5402,,LITHUANIA,0.51
2025-26,5402,,MADAGASCAR,0.12
2025-26,5402,,MALAWI,0.01
2025-26,5402,,MALAYSIA,15.92
2025-26,5402,,MALDIVES,0.0
2025-26,5402,,MALI,0.03
2025-26,5402,,MAURITANIA,0.09
2025-26,5402,,MAURITIUS,0.5
2025-26,5402,,MEXICO,6.0
2025-26,5402,,MOLDOVA,0.0
2025-26,5402,,MOROCCO,24.83
2025-26,5402,,MOZAMBIQUE,0.38
2025-26,5402,,MYANMAR,0.35
2025-26,5402,,NAMIBIA,0.0
2025-26,5402,,NEPAL,12.24
2025-26,5402,,NETHERLAND,17.57
2025-26,5402,,NEW ZEALAND,2.02
2025-26,5402,,NICARAGUA,0.02
2025-26,5402,,NIGERIA,1.38
2025-26,5402,,NORWAY,0.01
2025-26,5402,,OMAN,1.41
2025-26,5402,,PANAMA REPUBLIC,0.06
2025-26,5402,,PARAGUAY,0.57
2025-26,5402,,PERU,8.39
2025-26,5402,,PHILIPPINES,0.03
2025-26,5402,,POLAND,3.22
2025-26,5402,,PORTUGAL,5.18
2025-26,5402,,QATAR,0.13
2025-26,5402,,REUNION,0.0
2025-26,5402,,ROMANIA,6.24
2025-26,5402,,RUSSIA,8.03
2025-26,5402,,SAUDI ARAB,3.57
2025-26,5402,,SENEGAL,0.24
2025-26,5402,,SERBIA,0.01
2025-26,5402,,SINGAPORE,2.03
2025-26,5402,,SLOVENIA,0.46
2025-26,5402,,SOMALIA,0.0
2025-26,5402,,SOUTH AFRICA,3.44
2025-26,5402,,SPAIN,17.23
2025-26,5402,,SRI LANKA DSR,12.67
2025-26,5402,,ST VINCENT,0.01
2025-26,5402,,SUDAN,0.0
2025-26,5402,,SURINAME,0.0
2025-26,5402,,SWITZERLAND,0.0
2025-26,5402,,SYRIA,0.2
2025-26,5402,,TAIWAN,0.04
2025-26,5402,,TAJIKISTAN,0.1
2025-26,5402,,TANZANIA REP,0.95
2025-26,5402,,THAILAND,2.9
2025-26,5402,,TOGO,0.26
2025-26,5402,,TUNISIA,5.22
2025-26,5402,,TURKEY,115.07
2025-26,5402,,TURKMENISTAN,0.15
2025-26,5402,,U ARAB EMTS,8.36
2025-26,5402,,U K,2.96
2025-26,5402,,U S A,38.74
2025-26,5402,,UGANDA,0.09
2025-26,5402,,UKRAINE,0.1
2025-26,5402,,URUGUAY,0.15
2025-26,5402,,UZBEKISTAN,1.57
2025-26,5402,,VENEZUELA,0.11
2025-26,5402,,VIETNAM SOC REP,3.67
2025-26,5402,,YEMEN REPUBLC,0.03
2025-26,5402,,ZAMBIA,0.3
2017-18,5509,,AFGHANISTAN,0.0
2017-18,5509,,ALGERIA,1.97
2017-18,5509,,ARGENTINA,16.81
2017-18,5509,,AUSTRALIA,0.78
2017-18,5509,,AUSTRIA,0.01
2017-18,5509,,BAHARAIN IS,0.0
2017-18,5509,,BANGLADESH PR,13.6
2017-18,5509,,BELARUS,0.03
2017-18,5509,,BELGIUM,8.93
2017-18,5509,,BENIN,0.01
2017-18,5509,,BHUTAN,0.26
2017-18,5509,,BOLIVIA,0.87
2017-18,5509,,BOTSWANA,0.09
2017-18,5509,,BRAZIL,55.98
2017-18,5509,,BULGARIA,0.2
2017-18,5509,,BURKINA FASO,0.03
2017-18,5509,,CAMEROON,0.02
2017-18,5509,,CANADA,2.22
2017-18,5509,,CHILE,7.71
2017-18,5509,,CHINA P RP,1.98
2017-18,5509,,COLOMBIA,14.36
2017-18,5509,,COSTA RICA,0.01
2017-18,5509,,COTE D' IVOIRE,0.19
2017-18,5509,,CROATIA,0.02
2017-18,5509,,CYPRUS,0.0
2017-18,5509,,CZECH REPUBLIC,0.34
2017-18,5509,,DENMARK,0.11
2017-18,5509,,DJIBOUTI,0.36
2017-18,5509,,DOMINIC REP,3.46
2017-18,5509,,ECUADOR,2.72
2017-18,5509,,EGYPT A RP,32.81
2017-18,5509,,EL SALVADOR,1.04
2017-18,5509,,ERITREA,0.0
2017-18,5509,,ETHIOPIA,4.51
2017-18,5509,,FIJI IS,0.01
2017-18,5509,,FINLAND,0.9
2017-18,5509,,FRANCE,0.21
2017-18,5509,,GERMANY,9.19
2017-18,5509,,GREECE,0.36
2017-18,5509,,GUATEMALA,2.03
2017-18,5509,,HONDURAS,0.45
2017-18,5509,,HONG KONG,0.06
2017-18,5509,,HUNGARY,0.77
2017-18,5509,,INDONESIA,0.92
2017-18,5509,,IRAN,9.84
2017-18,5509,,IRAQ,0.58
2017-18,5509,,IRELAND,0.11
2017-18,5509,,ISRAEL,1.12
2017-18,5509,,ITALY,9.61
2017-18,5509,,JAPAN,8.68
2017-18,5509,,JORDAN,2.14
2017-18,5509,,KENYA,12.58
2017-18,5509,,KOREA DP RP,0.12
2017-18,5509,,KOREA RP,6.9
2017-18,5509,,KUWAIT,0.07
2017-18,5509,,LATVIA,3.25
2017-18,5509,,LEBANON,0.67
2017-18,5509,,LITHUANIA,0.0
2017-18,5509,,MADAGASCAR,1.64
2017-18,5509,,MALAWI,0.73
2017-18,5509,,MALAYSIA,0.11
2017-18,5509,,MALDIVES,0.0
2017-18,5509,,MAURITIUS,2.89
2017-18,5509,,MEXICO,8.52
2017-18,5509,,MONTENEGRO,0.17
2017-18,5509,,MOROCCO,19.86
2017-18,5509,,MOZAMBIQUE,0.1
2017-18,5509,,MYANMAR,3.57
2017-18,5509,,NEPAL,3.1
2017-18,5509,,NETHERLAND,0.58
2017-18,5509,,NEW ZEALAND,0.01
2017-18,5509,,NIGERIA,1.04
2017-18,5509,,OMAN,0.02
2017-18,5509,,PAKISTAN IR,19.43
2017-18,5509,,PANAMA REPUBLIC,0.0
2017-18,5509,,PARAGUAY,0.09
2017-18,5509,,PERU,11.41
2017-18,5509,,PHILIPPINES,4.39
2017-18,5509,,POLAND,2.25
2017-18,5509,,PORTUGAL,14.21
2017-18,5509,,QATAR,0.02
2017-18,5509,,REUNION,0.0
2017-18,5509,,ROMANIA,0.88
2017-18,5509,,RUSSIA,3.95
2017-18,5509,,RWANDA,0.11
2017-18,5509,,SAUDI ARAB,2.59
2017-18,5509,,SERBIA,0.03
2017-18,5509,,SINGAPORE,0.31
2017-18,5509,,SLOVAK REP,0.04
2017-18,5509,,SLOVENIA,0.03
2017-18,5509,,SOUTH AFRICA,15.03
2017-18,5509,,SPAIN,7.98
2017-18,5509,,SRI LANKA DSR,4.75
2017-18,5509,,SUDAN,0.4
2017-18,5509,,SURINAME,0.0
2017-18,5509,,SWEDEN,0.02
2017-18,5509,,SWITZERLAND,0.0
2017-18,5509,,SYRIA,2.5
2017-18,5509,,TAIWAN,0.86
2017-18,5509,,TANZANIA REP,0.91
2017-18,5509,,THAILAND,0.33
2017-18,5509,,TOGO,0.37
2017-18,5509,,TUNISIA,4.47
2017-18,5509,,TURKEY,159.89
2017-18,5509,,U ARAB EMTS,0.65
2017-18,5509,,U K,4.24
2017-18,5509,,U S A,21.83
2017-18,5509,,UGANDA,2.31
2017-18,5509,,UKRAINE,2.21
2017-18,5509,,URUGUAY,0.07
2017-18,5509,,VENEZUELA,3.16
2017-18,5509,,VIETNAM SOC REP,1.89
2017-18,5509,,YEMEN REPUBLC,1.16
2017-18,5509,,ZAMBIA,0.1
2017-18,5509,,ZIMBABWE,0.41
2018-19,5509,,AFGHANISTAN,0.0
2018-19,5509,,ALGERIA,1.99
2018-19,5509,,ANGOLA,0.0
2018-19,5509,,ARGENTINA,4.57
2018-19,5509,,AUSTRALIA,0.56
2018-19,5509,,AUSTRIA,0.09
2018-19,5509,,BANGLADESH PR,22.38
2018-19,5509,,BARBADOS,0.0
2018-19,5509,,BELARUS,0.03
2018-19,5509,,BELGIUM,8.11
2018-19,5509,,BHUTAN,0.45
2018-19,5509,,BOLIVIA,0.99
2018-19,5509,,BOTSWANA,0.07
2018-19,5509,,BRAZIL,35.81
2018-19,5509,,BULGARIA,0.08
2018-19,5509,,BURKINA FASO,0.28
2018-19,5509,,BURUNDI,0.0
2018-19,5509,,CAMBODIA,0.02
2018-19,5509,,CAMEROON,0.08
2018-19,5509,,CANADA,2.5
2018-19,5509,,CHILE,9.32
2018-19,5509,,CHINA P RP,2.93
2018-19,5509,,COLOMBIA,23.58
2018-19,5509,,COMOROS,0.0
2018-19,5509,,CONGO D. REP.,0.0
2018-19,5509,,COSTA RICA,0.02
2018-19,5509,,COTE D' IVOIRE,0.76
2018-19,5509,,CZECH REPUBLIC,0.11
2018-19,5509,,DENMARK,0.22
2018-19,5509,,DJIBOUTI,0.3
2018-19,5509,,DOMINIC REP,4.43
2018-19,5509,,ECUADOR,3.44
2018-19,5509,,EGYPT A RP,40.98
2018-19,5509,,EL SALVADOR,1.1
2018-19,5509,,ERITREA,0.0
2018-19,5509,,ETHIOPIA,7.01
2018-19,5509,,FIJI IS,0.0
2018-19,5509,,FINLAND,0.09
2018-19,5509,,FRANCE,0.1
2018-19,5509,,GERMANY,9.86
2018-19,5509,,GHANA,0.02
2018-19,5509,,GREECE,0.28
2018-19,5509,,GUATEMALA,3.96
2018-19,5509,,HONDURAS,0.37
2018-19,5509,,HONG KONG,0.01
2018-19,5509,,HUNGARY,0.77
2018-19,5509,,INDONESIA,1.49
2018-19,5509,,IRAN,5.07
2018-19,5509,,IRAQ,0.04
2018-19,5509,,ISRAEL,1.33
2018-19,5509,,ITALY,10.08
2018-19,5509,,JAPAN,7.57
2018-19,5509,,JORDAN,1.94
2018-19,5509,,KENYA,14.18
2018-19,5509,,KOREA DP RP,0.0
2018-19,5509,,KOREA RP,11.26
2018-19,5509,,KUWAIT,0.06
2018-19,5509,,LATVIA,0.14
2018-19,5509,,LEBANON,0.85
2018-19,5509,,LITHUANIA,0.01
2018-19,5509,,MADAGASCAR,1.49
2018-19,5509,,MALAWI,0.89
2018-19,5509,,MALAYSIA,0.2
2018-19,5509,,MALDIVES,0.0
2018-19,5509,,MAURITIUS,2.18
2018-19,5509,,MEXICO,9.59
2018-19,5509,,MONTENEGRO,0.16
2018-19,5509,,MOROCCO,24.76
2018-19,5509,,MOZAMBIQUE,0.12
2018-19,5509,,MYANMAR,5.94
2018-19,5509,,NEPAL,4.73
2018-19,5509,,NETHERLAND,0.47
2018-19,5509,,NEW ZEALAND,0.01
2018-19,5509,,NIGERIA,1.09
2018-19,5509,,NORWAY,0.0
2018-19,5509,,OMAN,0.11
2018-19,5509,,PAKISTAN IR,22.82
2018-19,5509,,PERU,16.52
2018-19,5509,,PHILIPPINES,7.66
2018-19,5509,,POLAND,3.35
2018-19,5509,,PORTUGAL,21.32
2018-19,5509,,QATAR,0.02
2018-19,5509,,ROMANIA,0.91
2018-19,5509,,RUSSIA,6.16
2018-19,5509,,RWANDA,0.79
2018-19,5509,,SAUDI ARAB,2.16
2018-19,5509,,SERBIA,0.01
2018-19,5509,,SINGAPORE,0.22
2018-19,5509,,SLOVAK REP,0.02
2018-19,5509,,SLOVENIA,0.05
2018-19,5509,,SOUTH AFRICA,14.91
2018-19,5509,,SPAIN,8.6
2018-19,5509,,SRI LANKA DSR,4.04
2018-19,5509,,STATE OF PALEST,0.03
2018-19,5509,,SUDAN,0.8
2018-19,5509,,SYRIA,2.41
2018-19,5509,,TAIWAN,0.53
2018-19,5509,,TANZANIA REP,0.38
2018-19,5509,,THAILAND,1.04
2018-19,5509,,TOGO,0.28
2018-19,5509,,TRINIDAD,0.01
2018-19,5509,,TUNISIA,5.12
2018-19,5509,,TURKEY,132.53
2018-19,5509,,U ARAB EMTS,0.84
2018-19,5509,,U K,4.76
2018-19,5509,,U S A,23.57
2018-19,5509,,UGANDA,3.01
2018-19,5509,,UKRAINE,1.07
2018-19,5509,,URUGUAY,0.11
2018-19,5509,,VENEZUELA,0.16
2018-19,5509,,VIETNAM SOC REP,0.75
2018-19,5509,,YEMEN REPUBLC,1.52
2018-19,5509,,ZAMBIA,0.08
2018-19,5509,,ZIMBABWE,0.18
2019-20,5509,,AFGHANISTAN,0.0
2019-20,5509,,ALGERIA,2.78
2019-20,5509,,ANGOLA,0.0
2019-20,5509,,ARGENTINA,10.78
2019-20,5509,,AUSTRALIA,0.55
2019-20,5509,,BANGLADESH PR,12.49
2019-20,5509,,BELARUS,0.03
2019-20,5509,,BELGIUM,7.33
2019-20,5509,,BHUTAN,0.44
2019-20,5509,,BOLIVIA,0.21
2019-20,5509,,BOSNIA-HRZGOVIN,0.0
2019-20,5509,,BOTSWANA,0.02
2019-20,5509,,BRAZIL,28.44
2019-20,5509,,BULGARIA,0.96
2019-20,5509,,BURKINA FASO,0.17
2019-20,5509,,CAMEROON,0.11
2019-20,5509,,CANADA,2.74
2019-20,5509,,CHILE,6.59
2019-20,5509,,CHINA P RP,2.66
2019-20,5509,,COLOMBIA,15.25
2019-20,5509,,COSTA RICA,0.05
2019-20,5509,,COTE D' IVOIRE,0.28
2019-20,5509,,CROATIA,0.0
2019-20,5509,,CZECH REPUBLIC,0.08
2019-20,5509,,DENMARK,0.07
2019-20,5509,,DJIBOUTI,0.13
2019-20,5509,,DOMINIC REP,2.86
2019-20,5509,,DOMINICA,0.13
2019-20,5509,,ECUADOR,2.36
2019-20,5509,,EGYPT A RP,36.93
2019-20,5509,,EL SALVADOR,0.36
2019-20,5509,,EQUTL GUINEA,0.04
2019-20,5509,,ESTONIA,0.09
2019-20,5509,,ETHIOPIA,3.79
2019-20,5509,,FIJI IS,0.01
2019-20,5509,,FRANCE,0.12
2019-20,5509,,GAMBIA,0.0
2019-20,5509,,GERMANY,7.62
2019-20,5509,,GHANA,0.03
2019-20,5509,,GREECE,0.32
2019-20,5509,,GUATEMALA,2.24
2019-20,5509,,GUINEA,0.0
2019-20,5509,,HONDURAS,0.35
2019-20,5509,,HUNGARY,0.72
2019-20,5509,,INDONESIA,1.28
2019-20,5509,,IRAN,13.78
2019-20,5509,,IRAQ,0.04
2019-20,5509,,IRELAND,0.06
2019-20,5509,,ISRAEL,1.22
2019-20,5509,,ITALY,8.06
2019-20,5509,,JAPAN,5.69
2019-20,5509,,JORDAN,3.2
2019-20,5509,,KAZAKHSTAN,0.05
2019-20,5509,,KENYA,14.17
2019-20,5509,,KOREA DP RP,0.01
2019-20,5509,,KOREA RP,9.13
2019-20,5509,,KUWAIT,0.06
2019-20,5509,,LATVIA,0.11
2019-20,5509,,LEBANON,0.44
2019-20,5509,,LITHUANIA,0.01
2019-20,5509,,MACAO,0.0
2019-20,5509,,MADAGASCAR,0.2
2019-20,5509,,MALAWI,0.91
2019-20,5509,,MALAYSIA,0.06
2019-20,5509,,MALDIVES,0.0
2019-20,5509,,MAURITANIA,0.05
2019-20,5509,,MAURITIUS,1.95
2019-20,5509,,MEXICO,9.01
2019-20,5509,,MONGOLIA,0.12
2019-20,5509,,MONTENEGRO,0.28
2019-20,5509,,MOROCCO,17.51
2019-20,5509,,MOZAMBIQUE,0.21
2019-20,5509,,MYANMAR,3.77
2019-20,5509,,NEPAL,7.36
2019-20,5509,,NETHERLAND,0.59
2019-20,5509,,NEW ZEALAND,0.0
2019-20,5509,,NIGERIA,0.58
2019-20,5509,,OMAN,0.23
2019-20,5509,,PAKISTAN IR,9.62
2019-20,5509,,PAPUA N GNA,0.0
2019-20,5509,,PARAGUAY,0.25
2019-20,5509,,PERU,12.6
2019-20,5509,,PHILIPPINES,3.5
2019-20,5509,,POLAND,3.37
2019-20,5509,,PORTUGAL,11.02
2019-20,5509,,QATAR,0.0
2019-20,5509,,REUNION,0.0
2019-20,5509,,ROMANIA,1.05
2019-20,5509,,RUSSIA,5.34
2019-20,5509,,RWANDA,0.16
2019-20,5509,,SAUDI ARAB,1.24
2019-20,5509,,SERBIA,0.0
2019-20,5509,,SINGAPORE,0.03
2019-20,5509,,SLOVAK REP,0.02
2019-20,5509,,SLOVENIA,0.01
2019-20,5509,,SOMALIA,0.0
2019-20,5509,,SOUTH AFRICA,13.52
2019-20,5509,,SPAIN,3.67
2019-20,5509,,SRI LANKA DSR,3.7
2019-20,5509,,SUDAN,0.44
2019-20,5509,,SYRIA,1.93
2019-20,5509,,TAIWAN,1.05
2019-20,5509,,TANZANIA REP,0.4
2019-20,5509,,THAILAND,0.71
2019-20,5509,,TOGO,0.06
2019-20,5509,,TUNISIA,5.45
2019-20,5509,,TURKEY,102.12
2019-20,5509,,U ARAB EMTS,1.46
2019-20,5509,,U K,3.89
2019-20,5509,,U S A,15.69
2019-20,5509,,UGANDA,2.86
2019-20,5509,,UKRAINE,0.48
2019-20,5509,,URUGUAY,0.04
2019-20,5509,,VENEZUELA,1.66
2019-20,5509,,VIETNAM SOC REP,1.19
2019-20,5509,,YEMEN REPUBLC,1.44
2019-20,5509,,ZAMBIA,0.06
2019-20,5509,,ZIMBABWE,0.35
2020-21,5509,,AFGHANISTAN,0.0
2020-21,5509,,ALGERIA,1.83
2020-21,5509,,ANGOLA,0.0
2020-21,5509,,ARGENTINA,21.35
2020-21,5509,,AUSTRALIA,1.01
2020-21,5509,,BANGLADESH PR,9.27
2020-21,5509,,BARBADOS,0.0
2020-21,5509,,BELARUS,0.04
2020-21,5509,,BELGIUM,5.97
2020-21,5509,,BENIN,0.0
2020-21,5509,,BHUTAN,1.13
2020-21,5509,,BOLIVIA,0.12
2020-21,5509,,BOSNIA-HRZGOVIN,0.0
2020-21,5509,,BRAZIL,38.98
2020-21,5509,,BULGARIA,0.4
2020-21,5509,,BURKINA FASO,0.29
2020-21,5509,,CAMEROON,0.09
2020-21,5509,,CANADA,3.29
2020-21,5509,,CHILE,6.58
2020-21,5509,,CHINA P RP,3.88
2020-21,5509,,COLOMBIA,19.49
2020-21,5509,,CONGO D. REP.,0.03
2020-21,5509,,COSTA RICA,0.02
2020-21,5509,,COTE D' IVOIRE,0.25
2020-21,5509,,CZECH REPUBLIC,0.03
2020-21,5509,,DENMARK,0.18
2020-21,5509,,DJIBOUTI,0.63
2020-21,5509,,DOMINIC REP,1.49
2020-21,5509,,ECUADOR,2.09
2020-21,5509,,EGYPT A RP,28.32
2020-21,5509,,EL SALVADOR,0.15
2020-21,5509,,ERITREA,0.0
2020-21,5509,,ESTONIA,0.1
2020-21,5509,,ETHIOPIA,3.73
2020-21,5509,,FIJI IS,0.09
2020-21,5509,,FRANCE,0.88
2020-21,5509,,GERMANY,6.48
2020-21,5509,,GHANA,0.08
2020-21,5509,,GREECE,0.13
2020-21,5509,,GUATEMALA,2.71
2020-21,5509,,HONDURAS,0.0
2020-21,5509,,HONG KONG,0.0
2020-21,5509,,HUNGARY,0.67
2020-21,5509,,ICELAND,0.13
2020-21,5509,,INDONESIA,0.7
2020-21,5509,,IRAN,3.89
2020-21,5509,,IRAQ,0.04
2020-21,5509,,IRELAND,0.12
2020-21,5509,,ISRAEL,0.47
2020-21,5509,,ITALY,6.72
2020-21,5509,,JAMAICA,0.0
2020-21,5509,,JAPAN,3.13
2020-21,5509,,JORDAN,0.59
2020-21,5509,,KENYA,10.77
2020-21,5509,,KOREA RP,7.14
2020-21,5509,,KUWAIT,0.07
2020-21,5509,,LATVIA,0.85
2020-21,5509,,LEBANON,0.33
2020-21,5509,,LIBYA,0.15
2020-21,5509,,LITHUANIA,0.08
2020-21,5509,,MADAGASCAR,0.08
2020-21,5509,,MALAWI,0.98
2020-21,5509,,MALAYSIA,0.05
2020-21,5509,,MALDIVES,0.0
2020-21,5509,,MAURITIUS,1.64
2020-21,5509,,MEXICO,2.65
2020-21,5509,,MOLDOVA,0.1
2020-21,5509,,MONGOLIA,0.12
2020-21,5509,,MONTENEGRO,0.05
2020-21,5509,,MOROCCO,13.75
2020-21,5509,,MOZAMBIQUE,0.11
2020-21,5509,,MYANMAR,1.22
2020-21,5509,,NEPAL,4.42
2020-21,5509,,NETHERLAND,0.45
2020-21,5509,,NEW ZEALAND,0.01
2020-21,5509,,NIGERIA,0.29
2020-21,5509,,NORWAY,0.02
2020-21,5509,,OMAN,0.32
2020-21,5509,,PAPUA N GNA,0.0
2020-21,5509,,PARAGUAY,0.24
2020-21,5509,,PERU,24.29
2020-21,5509,,PHILIPPINES,0.51
2020-21,5509,,POLAND,2.73
2020-21,5509,,PORTUGAL,10.9
2020-21,5509,,QATAR,0.02
2020-21,5509,,REUNION,0.0
2020-21,5509,,ROMANIA,1.46
2020-21,5509,,RUSSIA,3.74
2020-21,5509,,RWANDA,0.02
2020-21,5509,,SAUDI ARAB,1.33
2020-21,5509,,SENEGAL,0.0
2020-21,5509,,SEYCHELLES,0.0
2020-21,5509,,SINGAPORE,0.08
2020-21,5509,,SLOVAK REP,0.01
2020-21,5509,,SLOVENIA,0.02
2020-21,5509,,SOUTH AFRICA,10.12
2020-21,5509,,SPAIN,3.05
2020-21,5509,,SRI LANKA DSR,3.51
2020-21,5509,,SUDAN,1.02
2020-21,5509,,SURINAME,0.0
2020-21,5509,,SWEDEN,0.0
2020-21,5509,,SYRIA,1.46
2020-21,5509,,TAIWAN,1.47
2020-21,5509,,TANZANIA REP,0.49
2020-21,5509,,THAILAND,1.39
2020-21,5509,,TOGO,0.06
2020-21,5509,,TUNISIA,4.6
2020-21,5509,,TURKEY,50.36
2020-21,5509,,U ARAB EMTS,1.25
2020-21,5509,,U K,3.6
2020-21,5509,,U S A,20.61
2020-21,5509,,UGANDA,2.37
2020-21,5509,,UKRAINE,0.62
2020-21,5509,,URUGUAY,0.05
2020-21,5509,,VENEZUELA,0.44
2020-21,5509,,VIETNAM SOC REP,4.53
2020-21,5509,,YEMEN REPUBLC,0.77
2020-21,5509,,ZAMBIA,0.03
2020-21,5509,,ZIMBABWE,0.17
2021-22,5509,,AFGHANISTAN,0.0
2021-22,5509,,ALGERIA,1.99
2021-22,5509,,ANGOLA,0.0
2021-22,5509,,ARGENTINA,25.71
2021-22,5509,,AUSTRALIA,1.35
2021-22,5509,,BAHARAIN IS,0.0
2021-22,5509,,BANGLADESH PR,28.88
2021-22,5509,,BELGIUM,9.38
2021-22,5509,,BENIN,0.0
2021-22,5509,,BHUTAN,0.98
2021-22,5509,,BOLIVIA,0.17
2021-22,5509,,BOSNIA-HRZGOVIN,0.0
2021-22,5509,,BRAZIL,56.92
2021-22,5509,,BRUNEI,0.0
2021-22,5509,,BULGARIA,6.3
2021-22,5509,,BURKINA FASO,0.04
2021-22,5509,,BURUNDI,0.0
2021-22,5509,,CAMEROON,0.06
2021-22,5509,,CANADA,3.12
2021-22,5509,,CHILE,7.51
2021-22,5509,,CHINA P RP,5.79
2021-22,5509,,COLOMBIA,17.45
2021-22,5509,,COMOROS,0.0
2021-22,5509,,CONGO D. REP.,0.09
2021-22,5509,,CONGO P REP,0.0
2021-22,5509,,COSTA RICA,0.04
2021-22,5509,,COTE D' IVOIRE,0.07
2021-22,5509,,CROATIA,0.01
2021-22,5509,,CZECH REPUBLIC,0.09
2021-22,5509,,DENMARK,0.89
2021-22,5509,,DJIBOUTI,0.21
2021-22,5509,,DOMINIC REP,2.34
2021-22,5509,,ECUADOR,2.87
2021-22,5509,,EGYPT A RP,44.5
2021-22,5509,,EL SALVADOR,0.53
2021-22,5509,,ESTONIA,0.17
2021-22,5509,,ETHIOPIA,6.96
2021-22,5509,,FIJI IS,0.05
2021-22,5509,,FINLAND,0.0
2021-22,5509,,FRANCE,1.07
2021-22,5509,,GERMANY,9.3
2021-22,5509,,GHANA,0.03
2021-22,5509,,GREECE,0.32
2021-22,5509,,GUATEMALA,11.52
2021-22,5509,,GUYANA,0.0
2021-22,5509,,HONDURAS,4.69
2021-22,5509,,HONG KONG,0.07
2021-22,5509,,HUNGARY,0.32
2021-22,5509,,INDONESIA,1.04
2021-22,5509,,IRAN,3.78
2021-22,5509,,IRAQ,0.04
2021-22,5509,,ISRAEL,1.61
2021-22,5509,,ITALY,12.19
2021-22,5509,,JAPAN,4.57
2021-22,5509,,JORDAN,3.03
2021-22,5509,,KENYA,16.79
2021-22,5509,,KOREA RP,3.06
2021-22,5509,,KUWAIT,0.06
2021-22,5509,,LATVIA,0.13
2021-22,5509,,LEBANON,0.6
2021-22,5509,,LIBERIA,0.0
2021-22,5509,,MADAGASCAR,0.25
2021-22,5509,,MALAWI,0.62
2021-22,5509,,MALAYSIA,0.02
2021-22,5509,,MALDIVES,0.0
2021-22,5509,,MALI,0.0
2021-22,5509,,MALTA,0.02
2021-22,5509,,MAURITIUS,2.56
2021-22,5509,,MEXICO,7.43
2021-22,5509,,MOLDOVA,0.05
2021-22,5509,,MONGOLIA,0.07
2021-22,5509,,MOROCCO,35.79
2021-22,5509,,MOZAMBIQUE,0.43
2021-22,5509,,MYANMAR,0.06
2021-22,5509,,NEPAL,7.72
2021-22,5509,,NETHERLAND,0.45
2021-22,5509,,NEW ZEALAND,0.01
2021-22,5509,,NIGERIA,1.07
2021-22,5509,,OMAN,0.26
2021-22,5509,,PAPUA N GNA,0.0
2021-22,5509,,PARAGUAY,0.18
2021-22,5509,,PERU,10.57
2021-22,5509,,PHILIPPINES,1.2
2021-22,5509,,POLAND,4.6
2021-22,5509,,PORTUGAL,25.12
2021-22,5509,,QATAR,0.0
2021-22,5509,,ROMANIA,1.81
2021-22,5509,,RUSSIA,3.43
2021-22,5509,,RWANDA,0.11
2021-22,5509,,SAUDI ARAB,2.25
2021-22,5509,,SEYCHELLES,0.0
2021-22,5509,,SIERRA LEONE,0.0
2021-22,5509,,SINGAPORE,0.06
2021-22,5509,,SLOVAK REP,0.0
2021-22,5509,,SOUTH AFRICA,16.27
2021-22,5509,,SPAIN,7.65
2021-22,5509,,SRI LANKA DSR,6.47
2021-22,5509,,SUDAN,2.04
2021-22,5509,,SURINAME,0.0
2021-22,5509,,SWEDEN,0.0
2021-22,5509,,SYRIA,4.43
2021-22,5509,,TAIWAN,0.81
2021-22,5509,,TANZANIA REP,1.48
2021-22,5509,,THAILAND,1.45
2021-22,5509,,TOGO,0.14
2021-22,5509,,TRINIDAD,0.0
2021-22,5509,,TUNISIA,5.95
2021-22,5509,,TURKEY,134.81
2021-22,5509,,U ARAB EMTS,4.94
2021-22,5509,,U K,4.25
2021-22,5509,,U S A,33.48
2021-22,5509,,UGANDA,1.18
2021-22,5509,,UKRAINE,0.98
2021-22,5509,,URUGUAY,0.06
2021-22,5509,,VENEZUELA,1.8
2021-22,5509,,VIETNAM SOC REP,8.2
2021-22,5509,,YEMEN REPUBLC,1.1
2021-22,5509,,ZAMBIA,0.01
2021-22,5509,,ZIMBABWE,0.43
2022-23,5509,,ALGERIA,1.51
2022-23,5509,,ANGOLA,0.0
2022-23,5509,,ARGENTINA,14.21
2022-23,5509,,AUSTRALIA,1.05
2022-23,5509,,AUSTRIA,0.0
2022-23,5509,,AZERBAIJAN,0.0
2022-23,5509,,BANGLADESH PR,14.0
2022-23,5509,,BARBADOS,0.02
2022-23,5509,,BELGIUM,5.73
2022-23,5509,,BHUTAN,0.86
2022-23,5509,,BRAZIL,56.11
2022-23,5509,,BULGARIA,3.61
2022-23,5509,,BURKINA FASO,0.01
2022-23,5509,,CAMEROON,0.08
2022-23,5509,,CANADA,2.54
2022-23,5509,,CHILE,2.59
2022-23,5509,,CHINA P RP,3.67
2022-23,5509,,COLOMBIA,15.41
2022-23,5509,,CONGO D. REP.,0.11
2022-23,5509,,COTE D' IVOIRE,0.39
2022-23,5509,,CZECH REPUBLIC,0.0
2022-23,5509,,DENMARK,0.77
2022-23,5509,,DJIBOUTI,0.55
2022-23,5509,,DOMINIC REP,1.54
2022-23,5509,,ECUADOR,3.85
2022-23,5509,,EGYPT A RP,19.52
2022-23,5509,,EL SALVADOR,0.31
2022-23,5509,,ETHIOPIA,5.12
2022-23,5509,,FIJI IS,0.1
2022-23,5509,,FRANCE,1.47
2022-23,5509,,GEORGIA,0.02
2022-23,5509,,GERMANY,7.76
2022-23,5509,,GHANA,0.28
2022-23,5509,,GREECE,1.33
2022-23,5509,,GUATEMALA,2.18
2022-23,5509,,GUINEA,0.0
2022-23,5509,,HONDURAS,4.41
2022-23,5509,,HONG KONG,0.0
2022-23,5509,,HUNGARY,0.28
2022-23,5509,,INDONESIA,1.39
2022-23,5509,,IRAN,3.07
2022-23,5509,,IRAQ,0.0
2022-23,5509,,IRELAND,0.14
2022-23,5509,,ISRAEL,0.63
2022-23,5509,,ITALY,13.55
2022-23,5509,,JAPAN,7.23
2022-23,5509,,JORDAN,5.86
2022-23,5509,,KENYA,19.0
2022-23,5509,,KOREA RP,3.41
2022-23,5509,,KUWAIT,0.07
2022-23,5509,,LATVIA,0.21
2022-23,5509,,LEBANON,0.18
2022-23,5509,,LIBERIA,0.0
2022-23,5509,,MACEDONIA,0.3
2022-23,5509,,MADAGASCAR,0.2
2022-23,5509,,MALAWI,0.43
2022-23,5509,,MALAYSIA,0.06
2022-23,5509,,MALDIVES,0.01
2022-23,5509,,MAURITIUS,1.29
2022-23,5509,,MEXICO,12.27
2022-23,5509,,MONGOLIA,0.31
2022-23,5509,,MOROCCO,24.27
2022-23,5509,,MOZAMBIQUE,0.6
2022-23,5509,,MYANMAR,0.76
2022-23,5509,,NEPAL,7.93
2022-23,5509,,NETHERLAND,0.44
2022-23,5509,,NEW ZEALAND,0.0
2022-23,5509,,NIGERIA,1.41
2022-23,5509,,OMAN,0.56
2022-23,5509,,PANAMA REPUBLIC,0.1
2022-23,5509,,PAPUA N GNA,0.01
2022-23,5509,,PARAGUAY,0.07
2022-23,5509,,PERU,8.19
2022-23,5509,,PHILIPPINES,3.53
2022-23,5509,,POLAND,5.6
2022-23,5509,,PORTUGAL,12.89
2022-23,5509,,QATAR,0.01
2022-23,5509,,ROMANIA,1.78
2022-23,5509,,RUSSIA,3.3
2022-23,5509,,RWANDA,0.08
2022-23,5509,,SAUDI ARAB,1.99
2022-23,5509,,SIERRA LEONE,0.0
2022-23,5509,,SINGAPORE,0.07
2022-23,5509,,SOUTH AFRICA,18.98
2022-23,5509,,SPAIN,5.94
2022-23,5509,,SRI LANKA DSR,4.85
2022-23,5509,,SUDAN,2.04
2022-23,5509,,SURINAME,0.0
2022-23,5509,,SWITZERLAND,0.0
2022-23,5509,,SYRIA,0.03
2022-23,5509,,TAIWAN,0.42
2022-23,5509,,TANZANIA REP,2.1
2022-23,5509,,THAILAND,1.08
2022-23,5509,,TOGO,0.05
2022-23,5509,,TRINIDAD,0.0
2022-23,5509,,TUNISIA,5.4
2022-23,5509,,TURKEY,137.7
2022-23,5509,,U ARAB EMTS,5.97
2022-23,5509,,U K,3.05
2022-23,5509,,U S A,29.37
2022-23,5509,,UGANDA,1.13
2022-23,5509,,UKRAINE,0.18
2022-23,5509,,UZBEKISTAN,0.28
2022-23,5509,,VENEZUELA,1.51
2022-23,5509,,VIETNAM SOC REP,3.6
2022-23,5509,,YEMEN REPUBLC,0.94
2022-23,5509,,ZAMBIA,0.04
2022-23,5509,,ZIMBABWE,0.78
2023-24,5509,,ALGERIA,2.17
2023-24,5509,,ANGOLA,0.0
2023-24,5509,,ARGENTINA,8.05
2023-24,5509,,AUSTRALIA,1.21
2023-24,5509,,AUSTRIA,0.03
2023-24,5509,,AZERBAIJAN,0.0
2023-24,5509,,BAHARAIN IS,0.0
2023-24,5509,,BANGLADESH PR,13.2
2023-24,5509,,BELGIUM,3.38
2023-24,5509,,BENIN,0.03
2023-24,5509,,BHUTAN,0.6
2023-24,5509,,BOTSWANA,0.0
2023-24,5509,,BRAZIL,41.6
2023-24,5509,,BULGARIA,0.11
2023-24,5509,,BURKINA FASO,0.11
2023-24,5509,,CAMBODIA,0.0
2023-24,5509,,CAMEROON,0.07
2023-24,5509,,CANADA,2.65
2023-24,5509,,CHILE,3.05
2023-24,5509,,CHINA P RP,5.61
2023-24,5509,,COLOMBIA,23.01
2023-24,5509,,CONGO D. REP.,0.06
2023-24,5509,,CONGO P REP,0.06
2023-24,5509,,COSTA RICA,0.08
2023-24,5509,,COTE D' IVOIRE,0.24
2023-24,5509,,CROATIA,0.02
2023-24,5509,,CZECH REPUBLIC,0.01
2023-24,5509,,DENMARK,0.5
2023-24,5509,,DJIBOUTI,1.3
2023-24,5509,,DOMINIC REP,1.66
2023-24,5509,,ECUADOR,3.7
2023-24,5509,,EGYPT A RP,19.09
2023-24,5509,,EL SALVADOR,1.38
2023-24,5509,,ETHIOPIA,2.92
2023-24,5509,,FIJI IS,0.07
2023-24,5509,,FRANCE,0.87
2023-24,5509,,GEORGIA,0.03
2023-24,5509,,GERMANY,6.12
2023-24,5509,,GHANA,0.13
2023-24,5509,,GREECE,0.83
2023-24,5509,,GUATEMALA,1.83
2023-24,5509,,HONDURAS,0.08
2023-24,5509,,HONG KONG,0.06
2023-24,5509,,HUNGARY,0.34
2023-24,5509,,INDONESIA,1.27
2023-24,5509,,IRAN,0.89
2023-24,5509,,IRAQ,0.04
2023-24,5509,,ISRAEL,0.41
2023-24,5509,,ITALY,10.53
2023-24,5509,,JAPAN,5.39
2023-24,5509,,JORDAN,4.96
2023-24,5509,,KENYA,16.3
2023-24,5509,,KOREA RP,4.5
2023-24,5509,,KUWAIT,0.04
2023-24,5509,,LATVIA,0.33
2023-24,5509,,LEBANON,0.27
2023-24,5509,,LITHUANIA,0.0
2023-24,5509,,MADAGASCAR,0.21
2023-24,5509,,MALAWI,0.94
2023-24,5509,,MALAYSIA,0.07
2023-24,5509,,MALDIVES,0.0
2023-24,5509,,MAURITIUS,1.66
2023-24,5509,,MEXICO,19.43
2023-24,5509,,MOROCCO,17.79
2023-24,5509,,MOZAMBIQUE,0.2
2023-24,5509,,MYANMAR,0.92
2023-24,5509,,NEPAL,8.3
2023-24,5509,,NETHERLAND,0.19
2023-24,5509,,NETHERLANDANTIL,0.0
2023-24,5509,,NEW ZEALAND,0.08
2023-24,5509,,NIGERIA,1.31
2023-24,5509,,OMAN,0.17
2023-24,5509,,PAPUA N GNA,0.0
2023-24,5509,,PARAGUAY,0.12
2023-24,5509,,PERU,8.7
2023-24,5509,,PHILIPPINES,4.33
2023-24,5509,,POLAND,2.39
2023-24,5509,,PORTUGAL,12.26
2023-24,5509,,QATAR,0.02
2023-24,5509,,ROMANIA,1.75
2023-24,5509,,RUSSIA,3.21
2023-24,5509,,RWANDA,0.16
2023-24,5509,,SAUDI ARAB,0.87
2023-24,5509,,SENEGAL,0.01
2023-24,5509,,SEYCHELLES,0.0
2023-24,5509,,SIERRA LEONE,0.0
2023-24,5509,,SINGAPORE,0.05
2023-24,5509,,SOMALIA,0.01
2023-24,5509,,SOUTH AFRICA,17.97
2023-24,5509,,SPAIN,5.58
2023-24,5509,,SRI LANKA DSR,3.71
2023-24,5509,,SUDAN,0.08
2023-24,5509,,SWITZERLAND,0.08
2023-24,5509,,SYRIA,0.05
2023-24,5509,,TAIWAN,0.53
2023-24,5509,,TANZANIA REP,0.75
2023-24,5509,,THAILAND,0.95
2023-24,5509,,TOGO,0.1
2023-24,5509,,TRINIDAD,0.01
2023-24,5509,,TUNISIA,6.38
2023-24,5509,,TURKEY,99.22
2023-24,5509,,U ARAB EMTS,5.86
2023-24,5509,,U K,2.65
2023-24,5509,,U S A,21.02
2023-24,5509,,UGANDA,0.63
2023-24,5509,,URUGUAY,0.03
2023-24,5509,,UZBEKISTAN,0.31
2023-24,5509,,VENEZUELA,2.02
2023-24,5509,,VIETNAM SOC REP,0.93
2023-24,5509,,YEMEN REPUBLC,1.38
2023-24,5509,,ZAMBIA,0.1
2023-24,5509,,ZIMBABWE,0.42
2024-25,5509,,ALGERIA,3.7
2024-25,5509,,ANGOLA,0.01
2024-25,5509,,ARGENTINA,8.53
2024-25,5509,,AUSTRALIA,0.68
2024-25,5509,,BANGLADESH PR,12.88
2024-25,5509,,BELGIUM,3.84
2024-25,5509,,BENIN,0.01
2024-25,5509,,BHUTAN,0.52
2024-25,5509,,BOTSWANA,0.01
2024-25,5509,,BRAZIL,43.14
2024-25,5509,,BULGARIA,0.83
2024-25,5509,,BURKINA FASO,0.02
2024-25,5509,,CAMEROON,0.04
2024-25,5509,,CANADA,1.84
2024-25,5509,,CHILE,3.81
2024-25,5509,,CHINA P RP,5.61
2024-25,5509,,COCOS IS,0.01
2024-25,5509,,COLOMBIA,17.9
2024-25,5509,,CONGO D. REP.,0.04
2024-25,5509,,CZECH REPUBLIC,0.01
2024-25,5509,,DENMARK,0.32
2024-25,5509,,DJIBOUTI,1.33
2024-25,5509,,DOMINIC REP,2.98
2024-25,5509,,ECUADOR,3.05
2024-25,5509,,EGYPT A RP,38.23
2024-25,5509,,EL SALVADOR,2.97
2024-25,5509,,ETHIOPIA,2.13
2024-25,5509,,FIJI IS,0.05
2024-25,5509,,FRANCE,1.35
2024-25,5509,,GAMBIA,0.0
2024-25,5509,,GERMANY,6.45
2024-25,5509,,GHANA,0.1
2024-25,5509,,GREECE,0.9
2024-25,5509,,GUATEMALA,2.5
2024-25,5509,,GUINEA,0.0
2024-25,5509,,HONDURAS,0.17
2024-25,5509,,HUNGARY,0.15
2024-25,5509,,INDONESIA,1.08
2024-25,5509,,IRAN,2.1
2024-25,5509,,IRAQ,0.0
2024-25,5509,,ISRAEL,0.48
2024-25,5509,,ITALY,8.32
2024-25,5509,,JAPAN,4.66
2024-25,5509,,JORDAN,5.96
2024-25,5509,,KENYA,15.82
2024-25,5509,,KOREA RP,2.99
2024-25,5509,,KUWAIT,0.04
2024-25,5509,,LATVIA,0.31
2024-25,5509,,LEBANON,0.67
2024-25,5509,,LIBERIA,0.0
2024-25,5509,,MADAGASCAR,0.04
2024-25,5509,,MALAWI,0.19
2024-25,5509,,MALAYSIA,0.03
2024-25,5509,,MALDIVES,0.01
2024-25,5509,,MAURITANIA,0.0
2024-25,5509,,MAURITIUS,1.19
2024-25,5509,,MEXICO,15.36
2024-25,5509,,MOROCCO,17.42
2024-25,5509,,MOZAMBIQUE,0.19
2024-25,5509,,MYANMAR,0.0
2024-25,5509,,NEPAL,7.68
2024-25,5509,,NETHERLAND,0.31
2024-25,5509,,NEW ZEALAND,0.01
2024-25,5509,,NIGERIA,0.62
2024-25,5509,,OMAN,0.4
2024-25,5509,,PANAMA REPUBLIC,0.0
2024-25,5509,,PAPUA N GNA,0.0
2024-25,5509,,PERU,12.59
2024-25,5509,,PHILIPPINES,5.6
2024-25,5509,,POLAND,1.69
2024-25,5509,,PORTUGAL,12.04
2024-25,5509,,ROMANIA,2.98
2024-25,5509,,RUSSIA,1.41
2024-25,5509,,RWANDA,0.09
2024-25,5509,,SAUDI ARAB,2.15
2024-25,5509,,SENEGAL,0.01
2024-25,5509,,SEYCHELLES,0.0
2024-25,5509,,SINGAPORE,0.17
2024-25,5509,,SLOVENIA,0.09
2024-25,5509,,SOUTH AFRICA,15.5
2024-25,5509,,SPAIN,4.76
2024-25,5509,,SRI LANKA DSR,4.51
2024-25,5509,,SUDAN,0.12
2024-25,5509,,SWEDEN,0.02
2024-25,5509,,SWITZERLAND,0.0
2024-25,5509,,SYRIA,0.04
2024-25,5509,,TAIWAN,1.21
2024-25,5509,,TANZANIA REP,0.84
2024-25,5509,,THAILAND,0.58
2024-25,5509,,TOGO,0.1
2024-25,5509,,TUNISIA,6.25
2024-25,5509,,TURKEY,79.41
2024-25,5509,,U ARAB EMTS,2.49
2024-25,5509,,U K,1.59
2024-25,5509,,U S A,20.76
2024-25,5509,,UGANDA,0.57
2024-25,5509,,URUGUAY,0.0
2024-25,5509,,UZBEKISTAN,0.66
2024-25,5509,,VENEZUELA,2.2
2024-25,5509,,VIETNAM SOC REP,0.86
2024-25,5509,,YEMEN REPUBLC,1.14
2024-25,5509,,ZIMBABWE,0.44
2025-26,5509,,ALGERIA,6.38
2025-26,5509,,ANGOLA,0.01
2025-26,5509,,ARGENTINA,7.5
2025-26,5509,,AUSTRALIA,0.41
2025-26,5509,,AUSTRIA,0.01
2025-26,5509,,BANGLADESH PR,8.87
2025-26,5509,,BELGIUM,3.54
2025-26,5509,,BENIN,0.13
2025-26,5509,,BHUTAN,0.4
2025-26,5509,,BOTSWANA,0.08
2025-26,5509,,BRAZIL,59.46
2025-26,5509,,BULGARIA,0.02
2025-26,5509,,CAMEROON,0.12
2025-26,5509,,CANADA,1.79
2025-26,5509,,CHILE,4.73
2025-26,5509,,CHINA P RP,4.31
2025-26,5509,,COLOMBIA,13.18
2025-26,5509,,COMOROS,0.0
2025-26,5509,,CONGO D. REP.,0.0
2025-26,5509,,CONGO P REP,0.0
2025-26,5509,,COSTA RICA,0.03
2025-26,5509,,COTE D' IVOIRE,0.07
2025-26,5509,,CROATIA,0.13
2025-26,5509,,CZECH REPUBLIC,0.0
2025-26,5509,,DENMARK,0.11
2025-26,5509,,DJIBOUTI,0.49
2025-26,5509,,DOMINIC REP,2.08
2025-26,5509,,ECUADOR,3.14
2025-26,5509,,EGYPT A RP,39.04
2025-26,5509,,EL SALVADOR,0.75
2025-26,5509,,ETHIOPIA,1.87
2025-26,5509,,FIJI IS,0.15
2025-26,5509,,FINLAND,0.0
2025-26,5509,,FRANCE,0.44
2025-26,5509,,GAMBIA,0.0
2025-26,5509,,GEORGIA,0.12
2025-26,5509,,GERMANY,6.35
2025-26,5509,,GHANA,0.15
2025-26,5509,,GREECE,0.58
2025-26,5509,,GUATEMALA,2.37
2025-26,5509,,HONDURAS,0.15
2025-26,5509,,HONG KONG,0.05
2025-26,5509,,HUNGARY,0.0
2025-26,5509,,INDONESIA,0.87
2025-26,5509,,IRAN,0.87
2025-26,5509,,IRAQ,0.0
2025-26,5509,,ISRAEL,0.48
2025-26,5509,,ITALY,8.23
2025-26,5509,,JAPAN,6.17
2025-26,5509,,JORDAN,4.34
2025-26,5509,,KENYA,19.75
2025-26,5509,,KOREA RP,3.0
2025-26,5509,,LATVIA,0.67
2025-26,5509,,LEBANON,0.26
2025-26,5509,,LIBERIA,0.0
2025-26,5509,,LIBYA,0.0
2025-26,5509,,LITHUANIA,0.0
2025-26,5509,,MACAO,0.01
2025-26,5509,,MADAGASCAR,0.04
2025-26,5509,,MALAWI,0.11
2025-26,5509,,MALAYSIA,0.08
2025-26,5509,,MALDIVES,0.01
2025-26,5509,,MALTA,0.11
2025-26,5509,,MAURITIUS,0.47
2025-26,5509,,MEXICO,11.47
2025-26,5509,,MOROCCO,16.74
2025-26,5509,,MOZAMBIQUE,0.22
2025-26,5509,,MYANMAR,0.01
2025-26,5509,,NEPAL,8.19
2025-26,5509,,NETHERLAND,0.55
2025-26,5509,,NEW ZEALAND,0.01
2025-26,5509,,NICARAGUA,0.0
2025-26,5509,,NIGERIA,1.02
2025-26,5509,,OMAN,0.16
2025-26,5509,,PAPUA N GNA,0.01
2025-26,5509,,PERU,11.36
2025-26,5509,,PHILIPPINES,7.65
2025-26,5509,,POLAND,2.0
2025-26,5509,,PORTUGAL,16.04
2025-26,5509,,ROMANIA,1.72
2025-26,5509,,RUSSIA,1.12
2025-26,5509,,RWANDA,0.16
2025-26,5509,,SAUDI ARAB,1.39
2025-26,5509,,SENEGAL,0.01
2025-26,5509,,SERBIA,0.02
2025-26,5509,,SEYCHELLES,0.0
2025-26,5509,,SIERRA LEONE,0.0
2025-26,5509,,SINGAPORE,0.04
2025-26,5509,,SLOVENIA,0.2
2025-26,5509,,SOMALIA,0.0
2025-26,5509,,SOUTH AFRICA,17.18
2025-26,5509,,SPAIN,5.8
2025-26,5509,,SRI LANKA DSR,3.59
2025-26,5509,,SUDAN,0.14
2025-26,5509,,SWEDEN,0.01
2025-26,5509,,SWITZERLAND,0.0
2025-26,5509,,SYRIA,0.01
2025-26,5509,,TAIWAN,0.83
2025-26,5509,,TAJIKISTAN,0.03
2025-26,5509,,TANZANIA REP,0.89
2025-26,5509,,THAILAND,0.72
2025-26,5509,,TRINIDAD,0.0
2025-26,5509,,TUNISIA,5.93
2025-26,5509,,TURKEY,70.01
2025-26,5509,,TURKMENISTAN,0.01
2025-26,5509,,U ARAB EMTS,2.61
2025-26,5509,,U K,1.84
2025-26,5509,,U S A,17.15
2025-26,5509,,UGANDA,0.39
2025-26,5509,,URUGUAY,0.03
2025-26,5509,,UZBEKISTAN,0.3
2025-26,5509,,VENEZUELA,1.77
2025-26,5509,,VIETNAM SOC REP,0.9
2025-26,5509,,YEMEN REPUBLC,1.57
2025-26,5509,,ZAMBIA,0.02
2025-26,5509,,ZIMBABWE,0.84
